,Day,MinTemp,MaxTemp,AvgTemp,TempVar,SunTime,PpDur,PpAmount,MinPres,MaxPres,AvgPres,MinHum,MaxHum,AvgHum,Rain,Snow,TStorm
0,20130101,5.7,9.1,7.141666666666667,3.3999999999999995,2.6,6.4,8.1,998.3,1012.4,1004.4208333333332,76,96,86.08333333333333,Yes,No,No
1,20130102,4.2,8.2,6.804166666666667,3.999999999999999,3.3999999999999995,1.6,0.4,1013.4,1024.2,1021.1124999999998,82,98,88.54166666666667,No,No,No
2,20130103,8.8,11.2,10.1125,2.3999999999999986,2.5,0.5,0.1,1023.7,1034.8,1029.6791666666668,89,98,92.75,No,No,No
3,20130104,8.4,9.9,9.108333333333333,1.5,0.0,0.0,0.0,1033.6,1035.4,1034.5375000000001,88,97,93.41666666666667,No,No,No
4,20130105,7.4,8.8,8.141666666666667,1.4000000000000004,0.0,1.9,0.30000000000000004,1031.5,1034.6,1033.4458333333334,88,97,93.625,Yes,No,No
5,20130106,5.2,10.6,7.991666666666667,5.3999999999999995,4.0,0.0,0.0,1029.7,1031.2,1030.3583333333333,87,100,94.79166666666667,No,No,No
6,20130107,6.1,8.2,7.141666666666667,2.0999999999999996,0.0,0.0,0.0,1025.1,1029.7,1027.1583333333333,89,98,95.70833333333333,Yes,No,No
7,20130108,6.2,9.1,7.695833333333333,2.8999999999999995,0.0,1.8,0.30000000000000004,1022.2,1024.9,1023.8625000000001,88,98,93.45833333333333,Yes,No,No
8,20130109,2.2,8.3,6.658333333333334,6.1000000000000005,0.0,11.8,6.199999999999999,1016.4,1021.8,1018.9625,85,98,93.91666666666667,Yes,No,No
9,20130110,0.0,7.8,5.433333333333334,7.8,3.0999999999999996,2.1,2.9,1011.3,1016.1,1013.2375000000001,78,95,85.83333333333333,Yes,No,No
10,20130111,-1.9,2.2,0.55,4.1,0.0,0.0,0.0,1015.0,1019.2,1017.9499999999999,75,94,84.16666666666667,No,No,No
11,20130112,-2.2,2.6,0.37916666666666665,4.800000000000001,4.1,0.0,0.0,1017.3,1018.6,1017.9833333333332,64,88,77.20833333333333,No,No,No
12,20130113,-3.7,0.9,-1.4000000000000001,4.6000000000000005,7.0,0.0,0.0,1018.2,1020.3,1019.3041666666668,66,86,77.91666666666667,No,No,No
13,20130114,-5.9,-1.9,-3.0625,4.0,2.9,0.0,0.0,1005.5,1017.9,1012.7583333333332,71,94,83.54166666666667,No,Yes,No
14,20130115,-7.6,-1.6,-2.5041666666666664,6.0,1.4,9.8,5.799999999999999,1004.3,1010.5,1007.5375,63,95,83.29166666666667,No,Yes,No
15,20130116,-8.9,-0.5,-5.291666666666667,8.4,7.1,0.0,0.0,1010.2,1016.9,1012.6333333333332,60,99,86.58333333333333,No,No,No
16,20130117,-5.6,-2.2,-4.583333333333333,3.3999999999999995,1.8,0.0,0.0,1017.0,1020.1,1019.025,82,96,89.0,No,Yes,No
17,20130118,-2.2,-0.3,-1.4583333333333333,1.9000000000000001,0.5,0.0,0.0,1002.6,1016.5,1009.4583333333334,72,88,80.08333333333333,No,Yes,No
18,20130119,-5.2,-2.5,-3.875,2.7,0.5,0.0,0.0,999.6,1002.1,1000.5666666666667,69,81,73.91666666666667,No,No,No
19,20130120,-5.9,-2.8,-4.729166666666667,3.1000000000000005,0.0,4.8999999999999995,3.7,994.0,999.4,996.1750000000001,76,90,81.875,No,Yes,No
20,20130121,-2.8,-1.4,-2.0791666666666666,1.4,0.0,3.4000000000000004,1.3000000000000003,995.1,1002.6,998.525,80,92,87.5,No,Yes,No
21,20130122,-6.9,-2.7,-4.175,4.2,5.3,0.0,0.0,1002.8,1009.1,1006.0083333333332,78,90,83.66666666666667,No,No,No
22,20130123,-7.3,-3.0,-4.495833333333334,4.3,0.3,0.0,0.0,1009.2,1012.6,1010.7583333333333,74,91,81.5,No,No,No
23,20130124,-7.5,-0.7,-3.6999999999999997,6.8,6.2,0.0,0.0,1012.6,1021.2,1017.3166666666666,59,98,80.08333333333333,No,No,No
24,20130125,-9.1,-2.2,-4.620833333333334,6.8999999999999995,6.7,0.0,0.0,1009.4,1021.3,1017.6750000000002,75,98,84.29166666666667,No,No,No
25,20130126,-3.7,1.4,-1.425,5.1,0.8,2.4,1.1,1007.1,1009.5,1008.3291666666668,77,95,87.375,No,Yes,No
26,20130127,1.6,5.9,3.170833333333333,4.300000000000001,2.0,7.6,4.3999999999999995,995.9,1005.9,999.7708333333334,82,95,91.375,Yes,No,No
27,20130128,1.2,8.8,4.8500000000000005,7.6000000000000005,5.8,2.7,1.7000000000000002,1001.6,1010.7,1006.6875,75,94,87.54166666666667,Yes,No,No
28,20130129,9.1,12.9,10.5125,3.8000000000000007,0.2,4.2,3.7,1002.3,1005.6,1003.8916666666668,82,97,90.29166666666667,Yes,No,No
29,20130130,7.2,13.0,9.795833333333333,5.8,3.5,6.999999999999999,3.6,999.6,1012.3,1004.375,68,96,82.29166666666667,Yes,No,No
30,20130131,6.5,9.5,7.558333333333333,3.0,4.0,2.6,3.5,1005.6,1013.9,1009.3041666666667,68,91,78.79166666666667,Yes,No,No
31,20130201,2.2,7.3,4.929166666666667,5.1,0.0,6.9,4.5,995.1,1008.8,1000.1666666666666,81,97,90.5,Yes,No,No
32,20130202,2.1,5.9,4.083333333333333,3.8000000000000003,6.3999999999999995,1.9000000000000001,2.0,996.6,1018.0,1008.5375,65,96,81.0,Yes,No,No
33,20130203,1.4,7.2,4.916666666666666,5.800000000000001,1.3,3.5,0.6,1008.9,1019.4,1013.8833333333333,67,95,85.29166666666667,Yes,No,No
34,20130204,6.4,9.3,7.8374999999999995,2.9000000000000004,5.5,2.8,0.7,1004.5,1008.9,1007.4791666666666,65,95,79.125,Yes,No,No
35,20130205,0.2,6.4,3.375,6.2,4.4,3.1,4.3,992.1,1003.4,996.5208333333334,66,98,79.20833333333333,Yes,Yes,Yes
36,20130206,0.2,4.8,2.4208333333333334,4.6,6.499999999999999,4.1,4.7,991.6,1008.3,1000.8791666666666,72,98,86.70833333333333,Yes,Yes,No
37,20130207,0.1,4.9,2.1791666666666667,4.800000000000001,3.4000000000000004,3.6000000000000005,4.6000000000000005,1008.6,1012.0,1011.0083333333333,77,98,88.91666666666667,Yes,Yes,No
38,20130208,-2.3,4.4,0.9208333333333334,6.7,5.9,0.7,1.0,1011.4,1019.3,1016.0791666666668,61,96,85.875,Yes,Yes,No
39,20130209,-2.6,1.6,-0.17916666666666667,4.2,1.6,4.8999999999999995,2.1,1014.4,1020.0,1018.3208333333333,80,98,93.75,No,Yes,No
40,20130210,-1.9,0.7,-0.5041666666666668,2.5999999999999996,6.7,2.7,1.6,1002.0,1013.8,1007.7875,65,98,80.875,No,Yes,No
41,20130211,-3.0,0.5,-1.5666666666666667,3.5,4.8,0.0,0.0,1000.6,1010.1,1003.8083333333333,58,76,66.41666666666667,No,No,No
42,20130212,-2.3,0.6,-0.5499999999999999,2.9,5.1000000000000005,0.0,0.0,1010.7,1021.1,1016.0749999999999,59,86,71.79166666666667,No,No,No
43,20130213,-3.6,1.4,-0.7625000000000001,5.0,7.8,0.0,0.0,1021.4,1026.0,1024.2583333333334,63,91,75.54166666666667,No,No,No
44,20130214,-1.9,1.4,-0.5791666666666667,3.3,0.0,6.499999999999999,2.5,1010.8,1022.4,1014.6166666666668,66,99,83.45833333333333,Yes,Yes,No
45,20130215,1.2,7.3,4.254166666666666,6.1,3.0,1.0,0.4,1012.9,1021.8,1017.5958333333333,86,98,94.29166666666667,Yes,No,No
46,20130216,4.0,7.7,5.458333333333333,3.7,0.8,1.1,1.1,1021.8,1025.3,1023.6833333333334,84,98,93.83333333333333,No,No,No
47,20130217,0.2,6.6,3.2624999999999997,6.3999999999999995,7.1,0.0,0.0,1023.1,1025.2,1024.2625,69,97,85.91666666666667,No,No,No
48,20130218,-0.8,7.0,2.35,7.8,7.6,0.0,0.0,1020.5,1022.9,1021.8458333333334,60,98,87.91666666666667,No,No,No
49,20130219,-0.9,5.9,3.283333333333333,6.800000000000001,0.0,1.2999999999999998,0.2,1017.1,1022.4,1018.9500000000002,76,98,86.375,Yes,No,No
50,20130220,-1.3,2.4,0.2666666666666666,3.7,4.8999999999999995,0.0,0.0,1022.8,1027.4,1026.1041666666667,57,80,68.45833333333333,No,No,No
51,20130221,-2.5,2.3,-0.47500000000000003,4.8,6.4,0.0,0.0,1023.2,1027.4,1025.4291666666666,54,79,67.16666666666667,No,No,No
52,20130222,-2.8,1.3,-1.1375,4.1,6.300000000000001,0.0,0.0,1018.8,1023.0,1020.6583333333333,53,84,67.25,No,No,No
53,20130223,-3.1,0.7,-0.7875,3.8,0.9,0.5,0.1,1018.5,1019.9,1019.2125,58,81,67.08333333333333,No,No,No
54,20130224,-0.8,1.1,0.4833333333333334,1.9000000000000001,0.0,8.0,2.0,1018.3,1021.6,1019.4000000000001,83,95,89.08333333333333,Yes,Yes,No
55,20130225,1.2,2.8,1.95,1.5999999999999999,0.0,0.0,0.0,1021.4,1028.3,1024.3916666666667,89,94,91.58333333333333,No,No,No
56,20130226,0.8,4.2,2.625,3.4000000000000004,0.4,0.0,0.0,1028.7,1034.2,1032.3625,86,96,91.04166666666667,No,No,No
57,20130227,-0.1,2.8,1.0291666666666666,2.9,3.3,0.0,0.0,1031.8,1034.6,1033.3500000000001,75,94,85.79166666666667,No,No,No
58,20130228,-0.6,3.4,1.6791666666666665,4.0,0.8,0.0,0.0,1027.8,1031.3,1029.2250000000001,81,97,88.125,No,No,No
59,20130301,2.7,4.9,3.579166666666667,2.2,0.0,1.1,0.30000000000000004,1026.5,1028.1,1027.4208333333333,68,100,80.04166666666667,No,No,No
60,20130302,2.3,4.6,3.1458333333333335,2.3,0.4,0.0,0.0,1024.7,1027.6,1026.0416666666667,66,85,74.91666666666667,No,No,No
61,20130303,0.5,6.5,4.254166666666666,6.0,1.3,0.4,0.1,1022.6,1024.7,1023.8875000000002,63,99,81.29166666666667,Yes,No,No
62,20130304,-2.0,10.8,4.704166666666667,12.8,10.0,0.0,0.0,1011.5,1022.4,1016.7374999999998,50,85,67.58333333333333,No,No,No
63,20130305,2.6,15.6,8.720833333333333,13.0,10.0,0.0,0.0,1005.0,1011.5,1007.8708333333334,39,74,58.25,No,No,No
64,20130306,5.8,15.4,10.8375,9.600000000000001,1.8,0.0,0.0,1000.8,1004.6,1002.8958333333334,41,69,55.333333333333336,No,No,No
65,20130307,6.8,10.4,8.304166666666667,3.6000000000000005,1.4000000000000001,2.4,0.5,998.3,1000.8,999.4583333333334,60,86,70.5,Yes,No,No
66,20130308,5.2,11.8,8.0625,6.6000000000000005,4.8,2.6,1.1,998.3,999.5,998.8625000000001,73,96,85.16666666666667,Yes,No,No
67,20130309,0.7,5.0,3.725,4.3,0.0,24.0,22.400000000000002,997.3,1000.6,998.7166666666666,94,97,95.29166666666667,Yes,No,No
68,20130310,-1.1,0.7,0.18333333333333332,1.8,0.0,3.5,1.8,1000.9,1008.3,1004.3208333333333,67,96,80.75,No,Yes,No
69,20130311,-2.3,-1.0,-1.679166666666667,1.2999999999999998,0.1,0.0,0.0,1008.0,1009.5,1008.8291666666668,61,75,69.5,No,Yes,No
70,20130312,-5.6,0.6,-2.025,6.199999999999999,6.7,0.0,0.0,1006.6,1008.7,1007.6708333333332,41,85,60.083333333333336,No,No,No
71,20130313,-6.1,5.6,0.2041666666666667,11.7,7.500000000000001,0.7,0.4,1005.2,1009.5,1006.9791666666666,52,85,74.0,No,Yes,No
72,20130314,-4.2,3.4,-0.20833333333333337,7.6,8.5,0.6000000000000001,0.5,1009.2,1015.6,1013.2875,50,98,74.70833333333333,No,Yes,No
73,20130315,-3.4,2.9,0.875,6.3,0.4,6.4,3.2,1008.9,1014.6,1011.8875000000002,71,96,84.25,Yes,Yes,No
74,20130316,2.2,7.4,4.8625,5.2,2.2,3.1,1.8,1000.1,1008.6,1004.3083333333334,49,89,66.125,Yes,No,No
75,20130317,3.5,8.5,5.537499999999999,5.0,1.0999999999999999,3.0,2.8,991.0,999.6,995.5124999999999,69,95,81.54166666666667,Yes,No,No
76,20130318,2.5,8.4,5.270833333333333,5.9,3.8,5.6,4.0,989.9,993.7,992.1416666666668,64,97,83.625,Yes,No,No
77,20130319,0.7,5.7,3.058333333333333,5.0,0.8,0.0,0.0,994.1,1002.0,998.375,77,94,84.45833333333333,No,No,No
78,20130320,0.2,1.8,0.9166666666666666,1.6,1.0,0.0,0.0,1001.8,1015.8,1006.9375,70,85,76.83333333333333,No,No,No
79,20130321,-3.0,4.1,0.5833333333333334,7.1,6.0,0.7,0.4,1015.7,1020.9,1018.9166666666666,67,89,78.875,No,Yes,No
80,20130322,-2.6,3.7,0.5333333333333333,6.300000000000001,6.100000000000001,0.0,0.0,1015.5,1020.7,1017.4583333333334,58,89,70.75,No,No,No
81,20130323,-2.6,2.5,0.016666666666666625,5.1,6.4,0.0,0.0,1014.9,1017.2,1015.8583333333332,36,71,50.833333333333336,No,No,No
82,20130324,-3.8,2.8,-0.5375,6.6,3.3000000000000003,0.0,0.0,1015.3,1017.6,1016.5791666666668,22,44,32.583333333333336,No,No,No
83,20130325,-2.3,3.6,0.2874999999999999,5.9,8.500000000000002,0.0,0.0,1014.6,1017.7,1016.2791666666666,35,53,44.125,No,No,No
84,20130326,-2.8,4.9,0.6375000000000001,7.7,9.9,0.0,0.0,1013.2,1016.0,1014.7999999999998,33,62,48.583333333333336,No,No,No
85,20130327,-3.0,6.1,1.2125000000000001,9.1,11.7,0.0,0.0,1010.8,1014.1,1012.4625,31,69,49.5,No,No,No
86,20130328,-2.1,2.8,0.14583333333333334,4.9,8.8,0.0,0.0,1010.1,1012.0,1011.1375000000002,53,87,64.58333333333333,No,Yes,No
87,20130329,-2.2,3.1,0.08750000000000001,5.300000000000001,2.4,0.0,0.0,1009.0,1010.6,1009.7125000000001,60,90,78.54166666666667,No,No,No
88,20130330,-1.8,4.3,0.7958333333333334,6.1,3.8,0.0,0.0,1008.6,1013.5,1010.3958333333334,56,94,77.20833333333333,No,Yes,No
89,20130331,-1.2,5.3,1.7875000000000003,6.5,6.2,0.0,0.0,1013.4,1014.9,1014.225,45,87,69.70833333333333,No,No,No
90,20130401,-1.6,6.9,2.8000000000000003,8.5,12.2,0.0,0.0,1011.4,1014.1,1012.9875000000001,34,83,60.583333333333336,No,No,No
91,20130402,-0.2,8.4,3.858333333333333,8.6,12.2,0.0,0.0,1013.1,1017.4,1014.7666666666665,30,72,51.708333333333336,No,No,No
92,20130403,0.3,8.0,3.795833333333333,7.7,12.0,0.0,0.0,1015.4,1018.7,1017.0041666666666,35,66,50.583333333333336,No,No,No
93,20130404,0.5,4.8,3.079166666666667,4.3,0.0,0.0,0.0,1012.2,1015.7,1013.6375000000002,57,68,63.041666666666664,No,No,No
94,20130405,1.3,8.4,4.175,7.1000000000000005,6.6000000000000005,0.0,0.0,1011.8,1017.3,1013.9208333333332,42,79,63.458333333333336,No,No,No
95,20130406,0.6,9.6,4.770833333333333,9.0,7.5,0.0,0.0,1017.6,1025.1,1021.8333333333334,38,94,62.166666666666664,No,No,No
96,20130407,0.5,8.3,3.6958333333333333,7.800000000000001,10.3,0.0,0.0,1014.4,1024.8,1020.7541666666666,38,98,67.625,No,No,No
97,20130408,1.8,10.5,6.033333333333334,8.7,6.1,0.0,0.0,1002.9,1013.9,1007.1833333333334,34,75,54.541666666666664,No,No,No
98,20130409,3.2,10.3,6.833333333333333,7.1000000000000005,3.6000000000000005,1.8,0.8999999999999999,998.6,1002.2,999.8874999999999,56,95,77.79166666666667,Yes,No,No
99,20130410,1.4,7.7,5.341666666666668,6.300000000000001,0.30000000000000004,0.6,0.5,999.6,1007.0,1003.9791666666666,81,98,89.75,No,No,No
100,20130411,4.0,9.0,6.020833333333333,5.0,0.0,6.5,3.9000000000000004,996.0,1001.5,997.9625,90,99,96.125,Yes,No,No
101,20130412,4.0,10.8,7.408333333333334,6.800000000000001,1.3,4.3999999999999995,12.599999999999998,998.6,1005.9,1000.1916666666666,79,100,91.83333333333333,Yes,No,No
102,20130413,4.5,14.0,9.441666666666666,9.5,5.199999999999999,4.1,1.2000000000000002,1007.5,1017.7,1014.8125,53,98,82.83333333333333,Yes,No,No
103,20130414,10.7,21.0,15.541666666666666,10.3,5.199999999999999,2.0,1.1,1015.3,1019.5,1017.4250000000001,49,97,75.20833333333333,Yes,No,No
104,20130415,7.4,16.6,11.995833333333332,9.200000000000001,5.8,0.6,0.6,1015.8,1020.0,1018.7874999999999,58,90,77.58333333333333,No,No,No
105,20130416,5.8,15.3,11.316666666666665,9.5,3.1,0.0,0.0,1016.4,1020.5,1017.875,58,95,80.54166666666667,No,No,No
106,20130417,7.3,19.9,14.316666666666668,12.599999999999998,1.9000000000000001,0.0,0.0,1008.5,1021.0,1016.5083333333332,48,97,74.83333333333333,No,No,No
107,20130418,8.4,16.2,11.791666666666666,7.799999999999999,13.0,0.0,0.0,1009.0,1017.5,1014.1208333333334,49,78,63.333333333333336,No,No,No
108,20130419,4.2,10.6,7.729166666666667,6.3999999999999995,5.9,0.2,0.2,1017.8,1032.5,1024.6916666666666,63,91,77.5,No,No,No
109,20130420,1.2,11.2,6.641666666666667,10.0,12.899999999999999,0.0,0.0,1027.7,1034.0,1031.5708333333334,47,95,67.95833333333333,No,No,No
110,20130421,1.9,13.6,7.195833333333333,11.7,11.799999999999997,0.0,0.0,1017.3,1027.0,1020.7291666666666,37,93,69.0,No,No,No
111,20130422,1.2,13.5,8.829166666666666,12.3,10.2,0.0,0.0,1015.3,1017.3,1016.3375,53,92,72.375,No,No,No
112,20130423,8.9,14.4,10.850000000000001,5.5,4.4,0.0,0.0,1014.9,1024.3,1019.85,61,96,83.08333333333333,No,No,No
113,20130424,7.2,17.9,12.058333333333332,10.7,9.0,0.0,0.0,1023.3,1024.8,1024.0333333333333,58,97,79.83333333333333,No,No,No
114,20130425,8.6,20.6,14.391666666666666,12.000000000000002,5.0,0.0,0.0,1014.8,1024.6,1020.7874999999999,56,95,76.20833333333333,Yes,No,No
115,20130426,3.2,9.8,7.283333333333334,6.6000000000000005,0.2,4.0,3.5,1010.9,1014.1,1012.0500000000001,81,96,88.25,Yes,No,No
116,20130427,1.9,10.4,6.366666666666666,8.5,11.200000000000001,0.0,0.0,1011.0,1017.1,1013.7249999999999,46,94,71.54166666666667,No,No,No
117,20130428,1.6,11.1,6.958333333333333,9.5,11.500000000000002,0.0,0.0,1012.9,1018.1,1016.0416666666666,57,92,68.875,No,No,No
118,20130429,4.4,11.3,8.329166666666667,6.9,8.3,4.2,1.8,1011.4,1020.5,1016.0625,51,93,70.79166666666667,Yes,No,No
119,20130430,3.1,12.7,8.4125,9.6,5.2,0.0,0.0,1021.0,1026.6,1024.1875,54,95,73.875,No,No,No
120,20130501,4.1,15.6,9.933333333333334,11.5,13.5,0.0,0.0,1021.4,1026.2,1023.6666666666666,44,81,62.333333333333336,No,No,No
121,20130502,7.5,15.5,11.233333333333334,8.0,3.2,0.0,0.0,1020.2,1022.4,1021.1666666666666,49,77,64.375,No,No,No
122,20130503,6.5,17.5,12.329166666666666,11.0,11.3,0.0,0.0,1016.6,1019.7,1018.1583333333332,48,88,65.375,No,No,No
123,20130504,6.3,16.6,11.670833333333334,10.3,12.000000000000002,0.0,0.0,1015.6,1020.7,1017.8666666666667,43,88,66.875,No,No,No
124,20130505,6.6,17.8,12.329166666666666,11.200000000000001,12.9,0.0,0.0,1020.7,1023.5,1022.5250000000001,49,93,69.66666666666667,No,No,No
125,20130506,8.4,21.2,15.170833333333334,12.799999999999999,13.200000000000001,0.0,0.0,1018.0,1022.5,1020.1374999999999,39,89,61.125,No,No,No
126,20130507,11.1,23.8,16.579166666666666,12.700000000000001,5.3,2.3,8.2,1011.9,1017.6,1015.5333333333333,40,96,70.875,Yes,No,No
127,20130508,12.0,20.9,15.6625,8.899999999999999,2.8000000000000003,1.2999999999999998,7.199999999999999,1007.6,1011.3,1009.0291666666667,55,96,83.45833333333333,Yes,No,No
128,20130509,9.2,14.5,12.266666666666666,5.300000000000001,9.399999999999999,0.4,0.1,1009.2,1013.0,1011.4583333333334,46,91,67.16666666666667,No,No,No
129,20130510,10.1,16.3,12.579166666666666,6.200000000000001,3.4000000000000004,0.5,0.2,1008.1,1014.9,1011.6875,56,92,69.91666666666667,Yes,No,No
130,20130511,8.6,12.9,10.641666666666666,4.300000000000001,2.9000000000000004,5.7,4.7,1009.2,1013.8,1011.1416666666668,59,92,79.91666666666667,Yes,No,No
131,20130512,6.9,11.7,9.445833333333333,4.799999999999999,3.7999999999999994,4.8,2.1,1009.5,1015.4,1013.2416666666668,63,94,77.875,Yes,No,No
132,20130513,7.0,13.5,11.1625,6.5,3.8,4.5,6.4,1008.5,1011.6,1010.3041666666668,50,96,77.04166666666667,Yes,No,No
133,20130514,6.2,12.5,9.666666666666666,6.3,3.8000000000000003,3.7,0.6,999.4,1008.7,1006.1583333333334,57,90,79.04166666666667,Yes,No,No
134,20130515,4.4,16.3,11.183333333333332,11.9,5.6000000000000005,0.8999999999999999,0.5,996.4,1003.0,999.4041666666666,49,91,71.79166666666667,Yes,No,No
135,20130516,5.3,12.2,9.295833333333334,6.8999999999999995,0.0,8.9,9.4,997.9,1002.7,1000.2333333333332,67,95,86.16666666666667,Yes,No,No
136,20130517,8.3,10.0,8.966666666666667,1.6999999999999993,0.0,4.4,7.4,999.1,1005.6,1003.0833333333334,86,97,92.83333333333333,Yes,No,No
137,20130518,7.2,12.1,10.045833333333334,4.8999999999999995,0.2,0.0,0.0,1005.4,1010.6,1008.1583333333333,73,95,82.75,No,No,No
138,20130519,5.2,14.0,10.887500000000001,8.8,2.6000000000000005,0.0,0.0,1008.4,1011.4,1010.2458333333333,70,98,82.875,No,No,No
139,20130520,9.6,11.7,10.808333333333332,2.0999999999999996,0.0,13.200000000000001,27.2,1007.3,1009.4,1008.2916666666666,90,98,95.25,Yes,No,No
140,20130521,8.7,10.6,9.7125,1.9000000000000004,0.0,9.200000000000001,15.2,1008.9,1012.6,1010.775,84,98,93.58333333333333,Yes,No,No
141,20130522,4.9,11.8,9.004166666666666,6.9,4.7,0.0,0.0,1011.9,1015.8,1014.0749999999999,68,86,75.79166666666667,No,No,No
142,20130523,5.2,9.7,7.387499999999999,4.499999999999999,6.6000000000000005,3.1999999999999997,2.5,1008.2,1011.2,1009.125,61,85,74.54166666666667,Yes,No,No
143,20130524,4.7,11.4,7.508333333333333,6.7,4.3,1.7000000000000004,2.9,1008.3,1015.9,1011.3041666666668,68,89,78.95833333333333,Yes,No,No
144,20130525,3.2,11.8,8.483333333333333,8.600000000000001,4.0,4.7,4.8,1014.7,1016.9,1016.2375000000001,69,97,83.0,Yes,No,No
145,20130526,7.1,11.7,9.354166666666666,4.6,3.2,1.2,0.7999999999999999,1011.5,1014.3,1013.2583333333332,71,93,82.83333333333333,No,No,No
146,20130527,5.3,17.2,12.433333333333332,11.899999999999999,15.2,0.0,0.0,1008.1,1011.3,1009.6958333333333,26,95,59.625,No,No,No
147,20130528,10.0,21.3,15.979166666666666,11.3,14.2,0.0,0.0,999.9,1007.6,1003.0708333333332,37,85,56.416666666666664,No,No,No
148,20130529,10.1,13.6,11.5875,3.5,1.7999999999999998,2.2,4.8999999999999995,999.5,1003.7,1001.1333333333332,87,97,92.25,Yes,No,No
149,20130530,10.8,16.7,13.433333333333332,5.899999999999999,3.1000000000000005,0.6,0.2,1003.8,1012.1,1008.1208333333334,58,97,82.70833333333333,No,No,No
150,20130531,9.5,19.8,13.908333333333337,10.3,10.299999999999999,0.0,0.0,1011.1,1015.8,1013.2666666666668,56,98,82.79166666666667,No,No,No
151,20130601,7.4,12.6,10.320833333333335,5.199999999999999,3.9000000000000004,0.0,0.0,1015.8,1024.0,1019.7624999999999,71,97,85.0,No,No,No
152,20130602,5.4,15.8,11.445833333333335,10.4,15.399999999999999,0.0,0.0,1024.1,1029.8,1026.8833333333332,54,93,74.66666666666667,No,No,No
153,20130603,7.1,14.0,10.708333333333334,6.9,5.0,0.0,0.0,1028.6,1030.9,1029.9375,60,91,73.08333333333333,No,No,No
154,20130604,9.7,20.6,14.495833333333335,10.900000000000002,12.399999999999999,0.0,0.0,1021.8,1028.0,1024.3666666666668,52,86,69.875,No,No,No
155,20130605,9.7,21.2,15.683333333333335,11.5,15.2,0.0,0.0,1019.0,1021.5,1020.2208333333334,49,86,67.70833333333333,No,No,No
156,20130606,10.9,22.9,16.383333333333333,11.999999999999998,14.8,0.0,0.0,1020.3,1022.4,1021.0166666666668,51,89,73.66666666666667,No,No,No
157,20130607,10.9,22.5,16.145833333333332,11.6,15.3,0.0,0.0,1021.3,1022.6,1022.1541666666666,53,92,74.04166666666667,No,No,No
158,20130608,10.7,17.3,13.574999999999998,6.600000000000001,12.700000000000001,0.0,0.0,1016.7,1022.1,1019.5541666666667,62,87,72.91666666666667,No,No,No
159,20130609,10.6,14.7,12.375,4.1,3.4000000000000004,0.0,0.0,1013.1,1016.6,1014.6458333333334,64,80,72.08333333333333,No,No,No
160,20130610,9.2,14.8,12.375,5.600000000000001,1.6,0.0,0.0,1013.4,1016.6,1014.9083333333333,58,82,69.375,No,No,No
161,20130611,10.3,20.8,15.700000000000001,10.5,4.2,0.0,0.0,1015.5,1017.1,1016.3166666666666,50,84,67.54166666666667,No,No,No
162,20130612,15.3,20.0,17.645833333333332,4.699999999999999,1.4000000000000001,4.9,5.2,1012.1,1015.5,1014.3375000000001,67,96,81.29166666666667,Yes,No,No
163,20130613,12.7,18.2,15.758333333333335,5.5,2.9,2.4,1.2,1011.4,1015.9,1012.375,61,94,75.83333333333333,Yes,No,No
164,20130614,12.3,17.9,15.083333333333334,5.599999999999998,8.399999999999999,0.0,0.0,1013.8,1019.3,1017.2458333333334,47,81,67.54166666666667,No,No,No
165,20130615,11.2,17.3,14.5375,6.100000000000001,8.1,0.9,2.4,1007.5,1012.7,1010.5416666666666,48,85,67.20833333333333,No,No,No
166,20130616,10.5,17.4,14.291666666666666,6.899999999999999,5.9,0.0,0.0,1012.2,1017.4,1014.9500000000002,49,90,70.08333333333333,No,No,No
167,20130617,10.2,21.6,16.9375,11.400000000000002,8.299999999999999,0.0,0.0,1013.3,1017.4,1015.5125000000002,54,94,69.66666666666667,No,No,No
168,20130618,15.2,28.8,21.662499999999998,13.600000000000001,9.1,0.0,0.0,1013.8,1015.7,1014.6458333333334,48,88,72.875,No,No,No
169,20130619,16.4,24.3,20.875,7.900000000000002,1.9000000000000001,0.0,0.0,1011.7,1015.2,1013.7666666666668,65,93,77.875,No,No,No
170,20130620,16.0,21.8,19.016666666666666,5.800000000000001,1.2,1.7000000000000002,2.4,1008.0,1014.4,1011.8375,80,99,89.83333333333333,Yes,No,No
171,20130621,14.8,19.4,15.720833333333333,4.599999999999998,0.0,8.3,10.4,1006.4,1013.2,1009.8041666666668,85,99,91.66666666666667,Yes,No,No
172,20130622,13.8,17.4,15.612499999999999,3.599999999999998,2.9,3.0999999999999996,2.9,1006.8,1012.4,1009.4375,72,94,81.54166666666667,Yes,No,No
173,20130623,12.6,18.9,15.145833333333334,6.299999999999999,5.0,4.7,8.1,1006.0,1012.6,1008.6958333333333,62,96,79.95833333333333,Yes,No,No
174,20130624,10.6,16.0,13.191666666666668,5.4,1.8,1.0,0.2,1013.3,1024.9,1019.8708333333333,71,92,83.20833333333333,Yes,No,No
175,20130625,8.9,17.4,13.316666666666668,8.499999999999998,11.0,0.0,0.0,1025.0,1029.8,1027.7875000000001,47,93,72.5,No,No,No
176,20130626,8.6,16.9,13.3125,8.299999999999999,5.699999999999998,2.4,3.5,1024.9,1029.3,1027.8875,57,95,79.45833333333333,Yes,No,No
177,20130627,9.0,14.4,12.608333333333333,5.4,2.9000000000000004,2.0999999999999996,1.9,1019.2,1024.7,1023.125,64,95,78.875,Yes,No,No
178,20130628,11.9,15.9,14.129166666666668,4.0,0.30000000000000004,6.6,13.600000000000001,1013.9,1018.8,1017.1708333333332,73,98,87.79166666666667,Yes,No,No
179,20130629,8.8,16.3,13.845833333333331,7.5,4.0,1.0,1.4,1013.5,1024.7,1020.4250000000001,59,98,78.91666666666667,No,No,No
180,20130630,10.1,21.0,16.895833333333332,10.9,9.100000000000001,0.0,0.0,1016.7,1024.0,1020.3833333333332,62,91,76.08333333333333,No,No,No
181,20130701,13.0,18.6,15.558333333333332,5.600000000000001,7.200000000000001,0.0,0.0,1015.9,1016.8,1016.3624999999998,62,94,80.70833333333333,No,No,No
182,20130702,10.5,20.5,16.9375,10.0,6.499999999999999,0.7,0.30000000000000004,1006.3,1015.7,1012.5500000000001,50,97,72.54166666666667,No,No,No
183,20130703,15.3,17.2,16.2375,1.8999999999999986,0.8,3.8999999999999995,4.800000000000001,1005.1,1015.9,1009.3916666666668,85,97,91.58333333333333,Yes,No,No
184,20130704,15.4,20.6,17.670833333333334,5.200000000000001,4.299999999999999,0.0,0.0,1016.2,1024.5,1020.1541666666667,66,96,83.75,No,No,No
185,20130705,15.1,21.6,18.104166666666668,6.500000000000002,11.400000000000002,0.0,0.0,1024.8,1031.2,1028.6583333333335,55,94,76.04166666666667,No,No,No
186,20130706,13.4,24.0,19.379166666666666,10.6,14.3,0.0,0.0,1029.5,1031.2,1030.4583333333333,50,87,69.91666666666667,No,No,No
187,20130707,14.3,24.1,19.641666666666666,9.8,15.200000000000001,0.0,0.0,1030.7,1032.7,1031.6958333333332,43,93,70.375,No,No,No
188,20130708,15.0,23.8,19.1875,8.8,14.600000000000001,0.0,0.0,1030.4,1033.1,1031.7958333333333,52,90,69.41666666666667,No,No,No
189,20130709,13.2,22.4,18.316666666666666,9.2,15.0,0.0,0.0,1024.5,1030.2,1026.9166666666667,44,87,68.125,No,No,No
190,20130710,13.3,19.0,16.054166666666667,5.699999999999999,4.1000000000000005,0.0,0.0,1023.4,1024.6,1023.8583333333332,60,96,75.95833333333333,No,No,No
191,20130711,13.0,16.9,14.983333333333334,3.8999999999999986,1.0999999999999999,0.0,0.0,1023.3,1024.4,1023.7624999999998,62,79,70.0,No,No,No
192,20130712,12.0,18.1,15.25,6.100000000000001,3.1,0.0,0.0,1023.5,1024.4,1023.8624999999998,71,94,80.20833333333333,No,No,No
193,20130713,12.4,20.5,16.724999999999998,8.1,11.0,0.0,0.0,1023.4,1024.7,1024.0458333333333,59,97,76.875,No,No,No
194,20130714,11.2,21.4,16.708333333333332,10.2,6.3999999999999995,0.0,0.0,1022.5,1025.4,1024.1333333333334,64,97,81.625,No,No,No
195,20130715,13.6,24.5,18.858333333333334,10.9,14.5,0.0,0.0,1022.2,1023.7,1023.0458333333332,46,97,73.45833333333333,No,No,No
196,20130716,13.0,24.3,19.295833333333334,11.3,5.8,0.0,0.0,1023.4,1024.2,1023.7916666666666,49,98,69.41666666666667,No,No,No
197,20130717,14.8,25.4,20.51666666666667,10.599999999999998,9.0,0.0,0.0,1024.0,1025.3,1024.6125,53,97,75.45833333333333,No,No,No
198,20130718,16.5,25.7,20.858333333333334,9.2,13.6,0.0,0.0,1024.8,1026.0,1025.5125,50,98,73.375,No,No,No
199,20130719,15.8,24.9,20.670833333333334,9.099999999999998,14.7,0.0,0.0,1024.1,1025.9,1025.0958333333333,53,91,71.20833333333333,No,No,No
200,20130720,17.4,21.5,19.099999999999998,4.100000000000001,4.1,0.0,0.0,1021.3,1024.0,1022.7166666666666,64,91,78.375,No,No,No
201,20130721,15.8,29.1,23.32916666666667,13.3,13.899999999999999,0.0,0.0,1017.9,1021.6,1019.5416666666666,39,93,65.04166666666667,No,No,No
202,20130722,18.2,31.3,25.275000000000002,13.100000000000001,11.0,0.0,0.0,1014.8,1017.5,1016.1166666666667,35,95,61.875,No,No,No
203,20130723,17.0,30.7,24.09166666666667,13.7,13.399999999999999,0.0,0.0,1011.9,1014.5,1013.0,46,96,71.41666666666667,No,No,No
204,20130724,14.8,25.2,20.279166666666665,10.399999999999999,5.1000000000000005,0.0,0.0,1012.5,1015.6,1014.3375,61,95,76.625,No,No,No
205,20130725,14.2,27.4,20.854166666666668,13.2,8.799999999999999,0.0,0.0,1013.1,1015.3,1014.5166666666668,55,95,75.29166666666667,No,No,No
206,20130726,16.2,24.7,21.208333333333332,8.5,3.2,0.7,0.6,1011.2,1014.7,1012.7249999999999,72,98,83.91666666666667,Yes,No,No
207,20130727,17.8,24.7,21.40416666666667,6.899999999999999,5.6000000000000005,3.4,13.3,1005.1,1011.4,1007.7333333333332,72,100,87.625,Yes,No,Yes
208,20130728,17.7,23.8,20.308333333333334,6.100000000000001,7.6000000000000005,0.5,0.6,1003.3,1012.8,1009.6583333333333,55,97,74.58333333333333,No,No,No
209,20130729,17.3,23.0,20.2,5.699999999999999,10.0,0.0,0.0,1011.8,1015.2,1013.6208333333334,57,88,72.29166666666667,No,No,No
210,20130730,16.1,19.4,17.579166666666666,3.299999999999997,1.4,4.8999999999999995,10.9,1011.5,1016.4,1014.4833333333332,72,98,87.95833333333333,Yes,No,No
211,20130731,17.7,21.5,19.479166666666668,3.8000000000000007,4.6,0.30000000000000004,0.30000000000000004,1012.9,1017.8,1016.0041666666666,65,95,83.20833333333333,Yes,No,No
212,20130801,18.5,30.1,24.5625,11.600000000000001,13.2,0.0,0.0,1010.6,1015.5,1013.1124999999998,50,95,69.83333333333333,No,No,No
213,20130802,19.0,31.0,24.508333333333336,12.0,12.400000000000002,0.0,0.0,1007.3,1010.8,1009.3000000000001,56,88,70.125,No,No,No
214,20130803,14.5,22.4,19.712500000000002,7.899999999999999,11.4,0.0,0.0,1011.1,1020.8,1017.0666666666666,51,90,70.29166666666667,No,No,No
215,20130804,13.7,24.4,19.6125,10.7,13.100000000000001,0.0,0.0,1018.9,1021.6,1020.4583333333334,49,94,69.83333333333333,No,No,No
216,20130805,14.2,28.4,21.729166666666668,14.2,9.299999999999999,0.8,1.5999999999999999,1009.6,1018.6,1013.7541666666666,43,93,68.08333333333333,Yes,No,No
217,20130806,15.9,21.1,18.412499999999998,5.200000000000001,8.200000000000001,0.0,0.0,1010.9,1016.8,1015.1124999999998,61,92,76.16666666666667,No,No,No
218,20130807,14.9,18.2,16.175,3.299999999999999,0.8,3.3,2.6,1012.2,1014.9,1013.3624999999998,74,93,83.375,Yes,No,No
219,20130808,13.2,20.8,17.224999999999998,7.600000000000001,12.500000000000002,0.0,0.0,1014.6,1021.1,1018.6833333333334,56,95,73.79166666666667,No,No,No
220,20130809,12.7,22.8,18.129166666666666,10.100000000000001,3.6,0.3,0.3,1018.3,1020.6,1019.2999999999998,49,97,76.875,No,No,No
221,20130810,12.4,19.4,16.404166666666665,6.999999999999998,6.6,0.0,0.0,1018.4,1021.1,1020.1333333333332,45,98,72.0,No,No,No
222,20130811,14.0,20.9,17.616666666666667,6.899999999999999,6.8,0.1,0.2,1015.4,1019.5,1016.9041666666667,51,98,75.58333333333333,Yes,No,No
223,20130812,13.7,19.9,16.875,6.199999999999999,6.4,0.0,0.0,1014.5,1015.3,1014.8624999999998,52,97,72.0,No,No,No
224,20130813,12.1,18.9,15.541666666666666,6.799999999999999,10.9,0.30000000000000004,0.30000000000000004,1015.1,1021.7,1018.9833333333335,58,89,72.16666666666667,Yes,No,No
225,20130814,11.7,20.9,16.583333333333332,9.2,12.2,0.0,0.0,1021.5,1023.2,1022.5583333333334,40,91,64.95833333333333,No,No,No
226,20130815,10.8,21.4,16.825,10.599999999999998,4.2,1.9000000000000001,2.2,1017.8,1021.7,1019.7083333333334,64,96,83.75,Yes,No,No
227,20130816,13.9,25.5,19.175,11.6,6.500000000000001,0.0,0.0,1015.1,1017.4,1015.8916666666665,45,95,76.54166666666667,Yes,No,No
228,20130817,16.9,23.4,20.004166666666666,6.5,6.5,0.8999999999999999,1.4,1009.9,1015.0,1013.0750000000002,60,95,77.375,Yes,No,No
229,20130818,15.4,21.8,18.662499999999998,6.4,6.7,3.4000000000000004,3.3000000000000003,1007.8,1012.3,1010.1916666666666,67,98,81.95833333333333,Yes,No,No
230,20130819,12.6,20.5,16.491666666666664,7.9,9.000000000000002,1.9,4.5,1011.8,1026.1,1018.3041666666668,56,92,79.70833333333333,No,No,No
231,20130820,11.4,21.6,16.620833333333334,10.200000000000001,5.1,0.0,0.0,1026.3,1028.6,1027.6916666666666,45,97,70.66666666666667,No,No,No
232,20130821,12.2,23.3,17.708333333333332,11.100000000000001,8.7,0.0,0.0,1021.4,1026.8,1024.2291666666667,53,90,73.79166666666667,No,No,No
233,20130822,13.4,20.9,17.858333333333334,7.499999999999998,2.3,0.0,0.0,1019.4,1021.1,1020.2125,64,97,82.95833333333333,No,No,No
234,20130823,15.3,24.9,20.366666666666664,9.599999999999998,11.0,0.0,0.0,1013.4,1019.2,1016.5416666666666,51,100,74.75,No,No,No
235,20130824,16.1,23.6,19.133333333333336,7.5,2.0000000000000004,1.2,1.3,1009.8,1012.9,1010.7416666666667,57,96,77.16666666666667,Yes,No,No
236,20130825,14.1,22.6,18.608333333333334,8.500000000000002,3.8,0.0,0.0,1010.3,1016.4,1013.0833333333334,65,98,82.41666666666667,No,No,No
237,20130826,14.7,23.4,18.820833333333336,8.7,12.899999999999999,0.0,0.0,1016.5,1018.6,1017.5833333333334,40,80,64.04166666666667,No,No,No
238,20130827,13.7,23.7,18.670833333333334,10.0,11.3,0.0,0.0,1016.0,1018.1,1016.9416666666666,36,91,64.29166666666667,No,No,No
239,20130828,13.7,23.2,18.3125,9.5,6.6,0.0,0.0,1018.1,1022.3,1020.7291666666666,49,98,75.75,No,No,No
240,20130829,12.1,23.0,17.566666666666666,10.9,9.2,0.0,0.0,1020.6,1022.1,1021.4166666666666,42,98,75.95833333333333,No,No,No
241,20130830,13.0,22.9,18.079166666666666,9.899999999999999,7.5,0.0,0.0,1018.2,1020.5,1019.0166666666668,64,98,84.0,No,No,No
242,20130831,11.0,20.5,16.691666666666666,9.5,7.8,0.2,0.3,1017.8,1026.4,1022.2166666666667,55,95,73.58333333333333,Yes,No,No
243,20130901,11.2,17.2,15.362500000000002,6.0,1.5999999999999999,0.0,0.0,1023.5,1027.2,1026.0375000000001,56,82,68.41666666666667,No,No,No
244,20130902,14.9,20.0,17.412499999999998,5.1,3.5,0.0,0.0,1022.4,1025.9,1024.1000000000001,70,94,79.125,No,No,No
245,20130903,16.0,23.0,19.366666666666664,7.0,8.600000000000001,0.0,0.0,1025.5,1027.5,1026.5583333333334,67,95,82.83333333333333,No,No,No
246,20130904,15.7,24.4,19.9,8.7,7.3999999999999995,0.0,0.0,1017.9,1025.6,1022.1833333333334,61,97,80.0,No,No,No
247,20130905,15.5,30.1,23.008333333333336,14.600000000000001,12.3,0.0,0.0,1007.5,1017.5,1012.1875,43,95,68.875,No,No,No
248,20130906,14.9,23.8,19.3125,8.9,7.099999999999999,0.8999999999999999,1.3,1006.7,1012.9,1009.0833333333334,59,96,78.45833333333333,Yes,No,No
249,20130907,13.9,20.2,17.2875,6.299999999999999,1.7,0.0,0.0,1013.3,1019.2,1016.9916666666667,53,95,76.91666666666667,Yes,No,No
250,20130908,11.8,18.5,14.508333333333333,6.699999999999999,3.9999999999999996,10.1,29.0,1018.0,1019.7,1018.7875,57,98,81.625,Yes,No,No
251,20130909,10.0,16.9,12.954166666666666,6.899999999999999,5.4,4.800000000000001,4.500000000000001,1012.2,1018.2,1015.6291666666666,65,98,87.125,Yes,No,No
252,20130910,10.8,16.4,13.504166666666665,5.599999999999998,2.5,11.599999999999998,46.199999999999996,1007.0,1012.9,1010.725,69,96,90.0,Yes,No,No
253,20130911,11.6,19.2,15.15,7.6,8.1,2.3,2.3000000000000003,1011.3,1015.7,1014.0291666666667,70,98,84.91666666666667,Yes,No,No
254,20130912,11.5,19.2,15.204166666666666,7.699999999999999,3.5999999999999996,2.3,3.0,1015.5,1018.9,1017.0124999999999,68,97,87.66666666666667,Yes,No,No
255,20130913,11.3,16.4,14.6625,5.099999999999998,2.4,4.4,2.2,1013.2,1019.0,1017.6416666666668,74,98,90.95833333333333,Yes,No,No
256,20130914,11.5,17.6,15.1,6.100000000000001,1.2,8.5,9.700000000000001,1007.3,1014.7,1011.2374999999998,74,98,87.66666666666667,Yes,No,No
257,20130915,9.4,16.4,13.179166666666667,6.999999999999998,4.6,4.7,5.7,998.1,1014.4,1007.9125,54,96,76.83333333333333,Yes,No,No
258,20130916,8.4,14.6,12.129166666666668,6.199999999999999,9.100000000000001,1.7,4.500000000000001,998.9,1000.0,999.5,55,88,68.91666666666667,Yes,No,No
259,20130917,9.1,14.1,11.358333333333334,5.0,2.3000000000000003,8.5,7.7,994.0,1001.1,998.7374999999998,60,98,80.45833333333333,Yes,No,No
260,20130918,8.9,14.4,11.4375,5.5,2.9,4.8,3.5,994.4,1007.5,1000.8666666666667,68,98,85.83333333333333,Yes,No,No
261,20130919,8.6,15.1,12.716666666666663,6.5,2.3,3.4,6.1000000000000005,1007.0,1010.9,1008.8958333333334,62,98,82.375,Yes,No,No
262,20130920,8.5,16.2,13.645833333333334,7.699999999999999,0.30000000000000004,0.30000000000000004,0.2,1008.6,1022.9,1016.0416666666666,72,94,83.45833333333333,Yes,No,No
263,20130921,10.1,17.7,14.545833333333334,7.6,2.5,0.0,0.0,1023.2,1026.2,1024.9958333333334,67,96,82.83333333333333,No,No,No
264,20130922,14.6,18.9,16.308333333333334,4.299999999999999,0.2,0.0,0.0,1025.7,1027.6,1026.9041666666667,85,98,94.33333333333333,No,No,No
265,20130923,11.9,19.1,16.087500000000002,7.200000000000001,1.0,0.0,0.0,1020.8,1027.0,1024.4791666666667,83,100,93.0,No,No,No
266,20130924,12.7,17.8,14.891666666666666,5.100000000000001,0.2,0.0,0.0,1014.3,1020.6,1017.0333333333333,72,100,90.25,No,No,No
267,20130925,11.0,17.8,14.9375,6.800000000000001,0.6000000000000001,0.0,0.0,1010.3,1013.5,1011.5666666666666,70,98,87.875,No,No,No
268,20130926,9.7,15.3,13.1875,5.600000000000001,6.4,0.0,0.0,1011.4,1019.7,1016.5291666666667,64,95,74.79166666666667,No,No,No
269,20130927,7.7,15.9,11.016666666666666,8.2,10.5,0.0,0.0,1016.0,1019.6,1017.8916666666668,59,90,76.16666666666667,No,No,No
270,20130928,8.2,17.1,12.420833333333334,8.900000000000002,10.8,0.0,0.0,1011.9,1015.8,1013.5958333333333,46,79,66.33333333333333,No,No,No
271,20130929,8.5,17.1,12.441666666666668,8.600000000000001,10.5,0.0,0.0,1009.1,1011.8,1010.3541666666666,53,83,67.79166666666667,No,No,No
272,20130930,7.6,15.9,11.366666666666667,8.3,10.3,0.0,0.0,1009.7,1012.7,1010.8583333333332,57,82,69.25,No,No,No
273,20131001,5.1,15.8,10.5875,10.700000000000001,10.5,0.0,0.0,1012.7,1016.4,1014.2458333333333,56,90,70.875,No,No,No
274,20131002,6.1,14.8,10.658333333333333,8.700000000000001,8.2,0.0,0.0,1016.2,1018.0,1017.0750000000002,53,78,66.33333333333333,No,No,No
275,20131003,7.7,16.7,12.691666666666665,9.0,8.0,0.0,0.0,1013.0,1017.5,1014.8625000000001,50,78,63.083333333333336,No,No,No
276,20131004,11.7,21.7,15.920833333333333,10.0,3.9000000000000004,2.7,10.6,1011.9,1014.3,1013.0208333333334,72,97,86.875,Yes,No,Yes
277,20131005,9.0,18.4,14.5625,9.399999999999999,2.3,0.0,0.0,1014.4,1023.5,1019.0333333333334,76,99,90.75,No,No,No
278,20131006,8.6,17.7,12.5375,9.1,6.5,0.0,0.0,1023.7,1026.5,1025.4583333333333,57,100,82.625,No,No,No
279,20131007,7.1,18.2,12.304166666666667,11.1,7.2,0.0,0.0,1025.0,1026.7,1025.8374999999999,72,98,88.83333333333333,No,No,No
280,20131008,10.9,18.0,14.862500000000002,7.1,1.6,0.0,0.0,1021.9,1024.8,1023.8541666666666,78,98,91.54166666666667,No,No,No
281,20131009,7.1,15.5,12.991666666666667,8.4,1.7999999999999998,1.3,2.3,1008.6,1021.4,1015.0375,64,98,80.875,Yes,No,No
282,20131010,6.2,12.2,9.283333333333333,5.999999999999999,5.5,2.8,2.0,1005.9,1012.1,1008.3375,70,97,85.91666666666667,Yes,No,No
283,20131011,7.0,10.7,9.045833333333333,3.6999999999999993,0.0,16.900000000000002,26.899999999999995,1013.3,1017.1,1015.6416666666668,84,98,94.95833333333333,Yes,No,No
284,20131012,5.1,11.3,9.049999999999999,6.200000000000001,1.8,4.9,6.3999999999999995,1011.5,1021.0,1017.725,73,98,90.75,Yes,No,No
285,20131013,8.1,9.2,8.450000000000001,1.0999999999999996,0.0,19.199999999999996,34.4,1006.7,1011.7,1009.4250000000001,90,97,93.95833333333333,Yes,No,No
286,20131014,9.3,11.0,10.170833333333334,1.6999999999999993,0.0,5.800000000000001,5.9,1007.5,1012.3,1010.4666666666666,87,98,92.70833333333333,Yes,No,No
287,20131015,4.1,11.5,9.1,7.4,0.2,4.6,5.0,1005.4,1011.6,1006.8875000000002,89,100,94.95833333333333,Yes,No,No
288,20131016,4.4,14.5,10.275,10.1,3.4,2.0,0.6,1007.8,1013.9,1011.2875,81,99,92.83333333333333,Yes,No,No
289,20131017,8.1,14.9,12.75,6.800000000000001,7.0,0.0,0.0,1007.6,1016.3,1011.5958333333333,71,98,82.41666666666667,No,No,No
290,20131018,9.4,13.2,11.337499999999999,3.799999999999999,0.4,0.0,0.0,1013.4,1019.0,1017.1166666666668,87,100,93.625,No,No,No
291,20131019,9.7,15.6,12.708333333333334,5.9,1.0999999999999999,2.6999999999999997,11.5,1006.5,1012.8,1008.8041666666667,80,98,90.91666666666667,Yes,No,No
292,20131020,11.9,17.2,14.304166666666667,5.299999999999999,2.1,0.5,0.8,1007.7,1009.9,1009.0291666666666,77,98,89.79166666666667,Yes,No,No
293,20131021,11.7,16.9,14.541666666666666,5.199999999999999,1.2,0.0,0.0,1008.5,1011.4,1010.0416666666666,84,97,89.95833333333333,No,No,No
294,20131022,13.6,20.8,16.945833333333336,7.200000000000001,6.8999999999999995,0.5,0.1,999.3,1008.1,1002.7458333333334,72,96,85.0,Yes,No,No
295,20131023,12.5,17.9,15.487499999999999,5.399999999999999,3.3,0.3,1.6,998.3,1010.8,1002.4166666666666,71,95,84.20833333333333,No,No,No
296,20131024,6.5,16.0,11.266666666666666,9.5,9.0,0.0,0.0,1011.6,1017.6,1015.9375,57,97,82.33333333333333,No,No,No
297,20131025,10.6,17.3,14.375,6.700000000000001,0.0,1.7,0.8,1007.9,1014.6,1009.5041666666666,86,96,90.04166666666667,Yes,No,No
298,20131026,12.9,17.5,15.079166666666666,4.6,3.8999999999999995,0.0,0.0,1003.7,1009.2,1007.5625,70,97,86.33333333333333,No,No,No
299,20131027,12.6,15.2,14.341666666666667,2.5999999999999996,3.3,4.5,6.9,996.5,1003.0,998.9500000000002,69,95,80.16666666666667,Yes,No,No
300,20131028,10.3,16.5,13.300000000000002,6.199999999999999,3.2,6.199999999999999,10.699999999999998,985.3,1002.5,993.9041666666667,67,97,81.375,Yes,No,Yes
301,20131029,8.4,13.2,10.612499999999999,4.799999999999999,3.9,3.4000000000000004,3.500000000000001,1002.4,1015.0,1008.5625,69,92,81.79166666666667,Yes,No,No
302,20131030,7.9,13.0,10.154166666666667,5.1,7.900000000000001,0.0,0.0,1015.5,1022.6,1020.4166666666666,63,89,77.04166666666667,No,No,No
303,20131031,8.0,12.7,10.375,4.699999999999999,0.2,1.5,0.8,1015.6,1022.2,1018.4708333333333,75,94,86.08333333333333,Yes,No,No
304,20131101,9.7,12.3,11.095833333333331,2.6000000000000014,0.0,2.0,0.6,1003.7,1015.3,1010.8916666666668,89,97,92.58333333333333,Yes,No,No
305,20131102,8.7,12.4,10.5625,3.700000000000001,0.0,4.6000000000000005,6.3,995.6,1002.5,999.2958333333332,83,98,93.58333333333333,Yes,No,No
306,20131103,6.4,11.4,9.5,5.0,1.9999999999999998,4.7,8.5,994.2,999.4,997.6708333333332,61,93,76.5,Yes,No,Yes
307,20131104,7.1,11.5,8.404166666666667,4.4,1.5,13.1,30.900000000000002,979.6,995.8,987.8583333333332,68,98,87.70833333333333,Yes,No,No
308,20131105,3.9,9.6,7.404166666666666,5.699999999999999,0.8999999999999999,8.3,17.9,988.5,996.7,993.0541666666667,71,98,87.79166666666667,Yes,No,No
309,20131106,8.4,14.5,10.9375,6.1,0.0,5.2,4.0,995.0,1000.7,998.7291666666666,74,98,82.79166666666667,Yes,No,No
310,20131107,6.9,14.5,10.924999999999999,7.6,0.0,2.2,3.4,998.3,1008.1,1005.1291666666666,74,97,85.75,Yes,No,No
311,20131108,4.6,10.1,7.883333333333333,5.5,2.8000000000000003,1.8,1.7,1000.2,1009.0,1005.6208333333334,86,98,92.75,Yes,No,No
312,20131109,4.6,10.2,8.25,5.6,3.5000000000000004,6.0,11.9,1001.0,1007.9,1004.2541666666666,65,97,80.79166666666667,Yes,No,No
313,20131110,3.3,10.1,6.1125,6.8,3.4,5.1,10.299999999999999,1001.5,1024.3,1011.7041666666668,69,97,84.25,Yes,No,No
314,20131111,1.4,9.1,6.583333333333333,7.699999999999999,2.7,0.0,0.0,1024.9,1027.8,1026.2375,69,97,84.16666666666667,Yes,No,No
315,20131112,4.6,10.3,7.3875,5.700000000000001,0.0,6.500000000000001,2.8,1022.3,1030.1,1024.6083333333333,85,98,93.04166666666667,Yes,No,No
316,20131113,2.3,11.2,6.183333333333334,8.899999999999999,5.999999999999999,0.0,0.0,1024.6,1032.8,1030.0375000000001,69,97,87.95833333333333,No,No,No
317,20131114,5.3,9.9,7.545833333333334,4.6000000000000005,0.4,6.3999999999999995,6.0,1016.0,1023.5,1019.0999999999999,81,96,89.33333333333333,Yes,No,No
318,20131115,1.9,11.7,6.1375,9.799999999999999,5.5,0.0,0.0,1023.5,1032.5,1029.2541666666666,75,100,90.91666666666667,No,No,No
319,20131116,2.1,8.1,5.375,6.0,1.4,0.0,0.0,1027.7,1032.3,1030.3041666666666,95,100,97.79166666666667,No,No,No
320,20131117,6.6,9.7,7.445833333333333,3.0999999999999996,0.0,0.0,0.0,1017.7,1027.3,1023.9,86,98,94.83333333333333,No,No,No
321,20131118,4.5,7.2,5.9750000000000005,2.7,0.2,1.7,0.2,1005.9,1016.6,1009.8875000000002,84,97,91.41666666666667,Yes,No,No
322,20131119,1.5,8.4,5.841666666666666,6.9,0.6,6.3,3.0000000000000004,1004.6,1012.0,1008.3624999999998,76,98,88.41666666666667,Yes,No,No
323,20131120,-0.2,5.4,2.816666666666667,5.6000000000000005,1.8,4.1000000000000005,1.7,995.1,1011.4,1002.0083333333332,70,96,87.79166666666667,Yes,No,No
324,20131121,0.2,5.4,2.9708333333333337,5.2,3.4,0.0,0.0,995.9,1011.0,1004.4166666666666,78,94,86.08333333333333,No,No,No
325,20131122,1.2,6.0,4.6000000000000005,4.8,0.3,1.0,0.2,1011.1,1018.6,1014.7374999999998,83,94,88.45833333333333,Yes,No,No
326,20131123,3.6,7.3,5.270833333333333,3.6999999999999997,3.8,0.0,0.0,1018.7,1022.8,1021.1833333333333,67,94,84.04166666666667,No,No,No
327,20131124,4.6,8.5,6.579166666666667,3.9000000000000004,0.7,0.5,0.1,1022.5,1030.5,1026.1708333333333,68,97,81.04166666666667,Yes,No,No
328,20131125,3.0,8.2,5.445833333333333,5.199999999999999,3.9000000000000004,0.2,0.1,1030.6,1035.1,1032.7083333333333,70,97,81.91666666666667,Yes,No,No
329,20131126,3.1,8.6,5.629166666666666,5.5,0.5,0.5,0.2,1033.7,1036.1,1034.9666666666665,73,97,88.83333333333333,Yes,No,No
330,20131127,4.8,9.4,7.762499999999999,4.6000000000000005,0.0,3.5,0.5,1031.6,1033.1,1032.1708333333333,81,98,93.375,Yes,No,No
331,20131128,6.7,10.9,8.75,4.2,1.0,0.0,0.0,1031.6,1033.2,1032.3541666666667,74,97,89.54166666666667,No,No,No
332,20131129,5.3,9.3,7.587500000000001,4.000000000000001,0.0,2.8,3.3,1013.2,1030.9,1019.8916666666668,73,93,81.0,Yes,No,No
333,20131130,2.5,9.6,6.3,7.1,3.7,1.0,0.9,1012.9,1028.4,1021.8083333333334,70,96,86.79166666666667,Yes,No,No
334,20131201,3.1,9.3,6.854166666666667,6.200000000000001,0.7,0.0,0.0,1028.2,1033.9,1030.425,82,97,88.75,No,No,No
335,20131202,-0.4,8.6,4.2,9.0,4.0,0.0,0.0,1031.2,1035.9,1033.8791666666666,69,98,88.79166666666667,No,No,No
336,20131203,-2.0,6.9,2.766666666666667,8.9,4.3,0.0,0.0,1024.9,1031.4,1028.3583333333333,76,100,91.25,No,No,No
337,20131204,3.4,8.8,5.820833333333333,5.4,0.0,3.1,1.5000000000000002,1023.1,1028.3,1025.2958333333333,80,98,86.83333333333333,Yes,No,No
338,20131205,3.6,8.8,6.129166666666667,5.200000000000001,0.0,3.5999999999999996,7.8999999999999995,1006.4,1027.4,1016.0208333333334,57,88,75.33333333333333,Yes,No,No
339,20131206,1.3,5.2,3.8958333333333335,3.9000000000000004,1.1,2.9,2.9000000000000004,1015.3,1025.2,1020.85,51,94,70.375,Yes,No,Yes
340,20131207,4.3,8.2,6.3999999999999995,3.8999999999999995,0.2,0.6,0.5,1022.6,1025.6,1023.8125,64,98,85.75,Yes,No,No
341,20131208,7.4,9.9,8.950000000000001,2.5,0.3,1.4000000000000001,0.7000000000000001,1021.5,1023.1,1022.4375,84,95,88.33333333333333,Yes,No,No
342,20131209,6.6,10.3,9.020833333333334,3.700000000000001,4.699999999999999,0.3,0.1,1023.0,1032.4,1027.7250000000001,85,98,90.25,No,No,No
343,20131210,-0.6,8.0,3.408333333333333,8.6,6.6,0.0,0.0,1032.6,1034.0,1033.3708333333332,75,98,89.75,No,No,No
344,20131211,-1.1,6.0,1.4333333333333336,7.1,6.8,0.0,0.0,1030.4,1033.4,1032.0958333333335,80,100,95.0,No,No,No
345,20131212,-0.1,4.3,1.7625,4.3999999999999995,6.0,0.0,0.0,1024.6,1030.1,1027.1041666666667,84,100,94.375,No,No,No
346,20131213,0.5,4.2,2.220833333333333,3.7,1.2000000000000002,0.0,0.0,1019.9,1024.3,1022.1583333333333,91,100,96.625,No,No,No
347,20131214,4.1,8.2,6.333333333333333,4.1,2.9000000000000004,4.1,4.300000000000001,1020.1,1026.0,1023.3666666666667,76,98,89.58333333333333,Yes,No,No
348,20131215,6.3,9.1,8.075000000000001,2.8,1.4,2.4,1.9,1020.9,1024.6,1022.6916666666666,78,93,86.79166666666667,Yes,No,No
349,20131216,8.5,11.7,9.791666666666666,3.1999999999999993,2.6,0.5,0.3,1018.6,1020.9,1020.0583333333333,65,95,77.79166666666667,No,No,No
350,20131217,4.3,8.5,6.191666666666666,4.2,0.0,4.5,3.5999999999999996,1018.7,1024.9,1022.4708333333333,89,98,93.91666666666667,Yes,No,No
351,20131218,6.4,8.5,7.404166666666666,2.0999999999999996,1.6,0.3,0.1,1000.5,1018.1,1012.4208333333332,79,90,85.75,No,No,No
352,20131219,2.7,9.2,6.804166666666666,6.499999999999999,3.5,4.5,6.599999999999999,997.2,1011.5,1003.9333333333334,70,95,87.45833333333333,Yes,No,No
353,20131220,2.9,8.6,5.983333333333333,5.699999999999999,5.8999999999999995,0.0,0.0,1011.8,1024.2,1019.9249999999998,73,97,85.95833333333333,No,No,No
354,20131221,6.5,7.7,7.058333333333333,1.2000000000000002,0.0,9.400000000000002,9.799999999999999,1010.8,1022.2,1017.2791666666666,79,94,87.54166666666667,Yes,No,No
355,20131222,6.6,9.5,7.954166666666666,2.9000000000000004,0.3,1.2000000000000002,2.4,1008.0,1012.8,1010.5708333333332,75,92,85.125,Yes,No,No
356,20131223,4.4,10.9,7.658333333333334,6.5,2.5,6.7,3.4,990.6,1013.7,1004.7458333333334,75,92,85.33333333333333,Yes,No,No
357,20131224,7.3,11.6,9.883333333333333,4.3,0.0,4.8,6.8,983.8,989.4,985.3291666666668,69,94,81.58333333333333,Yes,No,No
358,20131225,2.6,8.1,5.7250000000000005,5.5,5.699999999999999,2.4,2.3000000000000003,981.7,991.9,987.9708333333333,77,97,88.625,Yes,No,No
359,20131226,3.4,6.8,5.141666666666667,3.4,1.3,1.5,0.9,992.4,1001.2,996.525,80,95,91.375,Yes,No,No
360,20131227,3.3,9.3,7.345833333333334,6.000000000000001,0.0,8.200000000000001,5.8999999999999995,989.9,998.8,992.3333333333334,84,94,88.875,Yes,No,No
361,20131228,3.0,9.0,6.345833333333332,6.0,5.3,0.9,0.30000000000000004,993.2,1004.9,998.6750000000001,75,96,89.625,Yes,No,No
362,20131229,2.3,7.8,4.7375,5.5,5.0,1.6,1.2,1005.3,1021.7,1014.2708333333334,75,98,90.16666666666667,No,No,No
363,20131230,2.4,7.3,5.225,4.9,2.4,1.8,0.9,1013.6,1021.4,1017.025,78,94,88.0,Yes,No,No
364,20131231,5.0,8.3,6.645833333333333,3.3000000000000007,0.7,5.3,4.000000000000001,1005.9,1016.2,1010.2833333333334,63,95,82.79166666666667,Yes,No,No
365,20140101,4.3,8.9,6.825,4.6000000000000005,1.0,4.5,2.8000000000000003,992.8,1006.7,1001.9625,78,95,88.79166666666667,Yes,No,No
366,20140102,5.9,9.8,8.3125,3.9000000000000004,3.0,2.0,1.6,991.6,1002.8,997.0750000000002,81,93,88.375,Yes,No,No
367,20140103,6.1,10.9,8.4625,4.800000000000001,1.6,3.3,3.3,997.2,1003.7,999.3249999999999,78,95,85.79166666666667,Yes,No,No
368,20140104,5.9,9.0,7.5625,3.0999999999999996,0.3,0.5,0.4,993.1,1004.6,998.4541666666668,79,93,86.0,Yes,No,No
369,20140105,2.4,7.5,5.654166666666666,5.1,5.9,0.0,0.0,996.1,1007.6,1003.3125,80,94,86.33333333333333,No,No,No
370,20140106,6.6,14.0,10.737499999999999,7.4,3.5,5.000000000000001,6.3,998.5,1002.7,1000.0208333333334,76,96,86.79166666666667,Yes,No,No
371,20140107,9.1,11.4,10.070833333333333,2.3000000000000007,1.3,0.6,0.3,1003.4,1010.2,1007.5750000000002,75,88,81.0,No,No,No
372,20140108,6.4,10.0,8.3375,3.5999999999999996,2.5,3.5,11.9,1009.5,1016.3,1013.9,85,97,91.70833333333333,Yes,No,No
373,20140109,6.8,11.4,9.0625,4.6000000000000005,0.0,3.9,5.5,1000.2,1010.3,1004.7416666666668,76,97,85.95833333333333,Yes,No,No
374,20140110,4.4,8.8,6.875,4.4,4.5,0.0,0.0,1011.0,1015.0,1014.0124999999999,79,91,84.83333333333333,No,No,No
375,20140111,3.3,7.7,5.595833333333334,4.4,2.7,3.6999999999999997,2.0,1012.5,1023.8,1016.5625,73,97,86.16666666666667,Yes,No,No
376,20140112,-0.7,5.9,2.7125,6.6000000000000005,6.4,0.0,0.0,1010.9,1024.3,1020.0291666666666,81,97,88.25,No,No,No
377,20140113,2.9,9.0,6.058333333333333,6.1,4.2,1.6,1.4,1005.4,1009.9,1007.8541666666666,83,97,90.20833333333333,Yes,No,No
378,20140114,3.1,6.5,4.891666666666667,3.4,0.0,2.6999999999999997,1.6,1003.4,1007.5,1004.8791666666666,90,97,93.58333333333333,Yes,No,No
379,20140115,2.6,6.5,4.591666666666666,3.9,0.0,6.1000000000000005,3.6,999.9,1007.8,1003.8541666666666,87,98,94.25,Yes,No,No
380,20140116,5.6,8.8,7.270833333333333,3.200000000000001,0.6,4.0,3.5,994.9,999.6,996.4666666666666,92,98,94.0,Yes,No,No
381,20140117,5.8,8.6,7.1499999999999995,2.8,0.0,2.8,1.3,995.1,999.2,996.6291666666666,76,97,88.08333333333333,Yes,No,No
382,20140118,5.0,8.3,6.7375,3.3000000000000007,2.5,0.0,0.0,997.1,999.6,998.3708333333334,78,95,83.58333333333333,No,No,No
383,20140119,4.9,6.6,5.808333333333334,1.6999999999999993,0.7,0.2,0.1,996.2,1002.8,998.7833333333334,80,94,85.70833333333333,Yes,No,No
384,20140120,2.7,5.5,4.05,2.8,0.0,3.5,0.5,1002.8,1010.4,1006.7083333333334,90,98,94.125,Yes,No,No
385,20140121,2.0,5.0,3.5375,3.0,0.0,2.7,0.5,1010.6,1012.3,1011.6541666666667,93,98,96.79166666666667,Yes,No,No
386,20140122,1.9,3.7,3.0749999999999997,1.8000000000000003,3.5999999999999996,4.9,1.4,1010.6,1013.2,1011.7708333333334,80,94,86.66666666666667,Yes,No,No
387,20140123,1.9,5.5,3.6125000000000003,3.6,0.3,10.4,12.4,1008.0,1013.1,1010.6458333333334,89,100,94.91666666666667,Yes,No,No
388,20140124,3.3,6.6,4.758333333333333,3.3,0.8999999999999999,3.3,3.1,1010.7,1018.0,1015.1833333333334,84,98,92.625,Yes,No,No
389,20140125,2.8,6.6,4.058333333333334,3.8,0.1,3.9000000000000004,6.5,1002.6,1018.5,1012.5625,80,97,85.875,Yes,No,No
390,20140126,3.4,6.5,5.375,3.1,1.5,7.4,10.100000000000001,986.9,1011.0,1001.0458333333332,80,98,85.79166666666667,Yes,No,No
391,20140127,2.8,5.8,4.016666666666667,3.0,1.7999999999999998,3.0,2.3,989.2,992.8,991.2791666666667,75,93,86.41666666666667,Yes,No,No
392,20140128,2.4,6.3,4.3875,3.9,0.2,0.5,0.1,992.7,997.5,994.4541666666668,70,90,80.0,Yes,No,No
393,20140129,-1.8,2.4,0.2833333333333333,4.2,4.4,0.0,0.0,997.7,1004.0,1000.9166666666666,81,88,84.375,No,No,No
394,20140130,-2.2,2.9,0.22499999999999998,5.1,1.4,0.0,0.0,1004.2,1007.6,1006.0541666666667,78,89,84.0,No,No,No
395,20140131,-3.2,6.2,2.733333333333334,9.4,7.0,2.0,0.6,994.9,1007.9,1004.0750000000002,73,98,85.66666666666667,No,No,No
396,20140201,4.3,8.2,6.066666666666667,3.8999999999999995,1.8,9.2,6.5,989.5,1002.3,995.3666666666667,74,95,84.79166666666667,Yes,No,No
397,20140202,2.7,7.3,4.6000000000000005,4.6,5.6,0.0,0.0,1002.7,1015.5,1009.4458333333332,78,93,84.29166666666667,No,No,No
398,20140203,1.0,8.0,4.033333333333334,7.0,8.1,0.0,0.0,1003.5,1015.3,1009.9375,62,96,83.20833333333333,No,No,No
399,20140204,2.6,9.0,5.925,6.4,4.6,0.0,0.0,999.4,1006.5,1003.7916666666666,68,89,78.20833333333333,No,No,No
400,20140205,4.4,9.5,7.0125,5.1,4.3,3.9000000000000004,2.8,990.1,998.3,992.4,71,90,79.54166666666667,Yes,No,No
401,20140206,5.6,8.9,7.166666666666667,3.3000000000000007,3.4,6.8999999999999995,6.9,986.8,1000.9,995.7208333333334,76,96,83.25,Yes,No,No
402,20140207,4.4,10.0,7.425,5.6,0.0,11.1,12.3,980.6,998.7,989.7666666666668,82,95,89.66666666666667,Yes,No,No
403,20140208,4.6,9.1,6.8875,4.5,0.9,6.3,5.1,983.4,994.7,986.3166666666666,74,92,84.54166666666667,Yes,No,No
404,20140209,4.0,7.1,5.6375,3.0999999999999996,0.2,1.4,0.9,983.8,994.2,987.975,74,86,78.875,Yes,No,No
405,20140210,1.7,8.4,5.033333333333333,6.7,0.7,1.3,0.7,993.6,997.1,994.7374999999998,68,97,85.20833333333333,Yes,No,No
406,20140211,1.7,7.6,5.158333333333333,5.8999999999999995,3.3000000000000003,3.5,2.6999999999999997,995.7,1000.7,998.3333333333334,68,97,86.75,Yes,No,No
407,20140212,2.4,8.5,5.491666666666667,6.1,5.0,3.0,3.5,991.3,1004.3,998.8416666666667,60,95,83.16666666666667,Yes,No,No
408,20140213,2.5,7.0,5.058333333333334,4.5,0.5,1.2,2.4,990.2,999.5,993.2333333333332,75,95,84.20833333333333,Yes,No,No
409,20140214,2.0,8.4,5.079166666666667,6.4,1.5,5.0,5.799999999999999,985.5,1003.7,997.4541666666668,81,96,89.125,Yes,No,No
410,20140215,6.6,11.9,9.466666666666667,5.300000000000001,3.9,0.5,1.5,985.8,999.2,991.6083333333335,60,84,69.0,Yes,No,No
411,20140216,1.2,8.2,5.666666666666667,6.999999999999999,7.0,0.0,0.0,1000.1,1010.1,1006.4041666666666,67,92,79.58333333333333,No,No,No
412,20140217,1.2,10.3,5.966666666666666,9.100000000000001,3.8,0.0,0.0,1009.4,1014.3,1012.0000000000001,72,96,87.04166666666667,No,No,No
413,20140218,4.3,8.7,6.341666666666666,4.3999999999999995,0.2,0.7,0.30000000000000004,1009.1,1014.1,1011.1375000000002,74,93,83.75,Yes,No,No
414,20140219,5.1,9.7,7.6875,4.6,1.6,0.1,0.1,1008.8,1013.2,1011.2624999999999,70,97,90.45833333333333,Yes,No,No
415,20140220,4.9,9.9,8.070833333333333,5.0,0.0,4.2,4.2,1000.4,1012.1,1004.7750000000001,86,97,93.04166666666667,Yes,No,No
416,20140221,4.7,8.7,6.679166666666666,3.999999999999999,5.5,2.5,2.1,1001.1,1006.4,1004.0833333333334,68,93,82.54166666666667,Yes,No,No
417,20140222,3.3,9.7,6.1000000000000005,6.3999999999999995,5.7,2.5999999999999996,1.7000000000000002,1005.7,1016.0,1010.6625,72,94,85.125,Yes,No,No
418,20140223,3.8,11.6,7.483333333333333,7.8,6.3,0.0,0.0,1015.2,1016.3,1015.8291666666668,68,93,83.04166666666667,No,No,No
419,20140224,4.2,12.2,7.7749999999999995,7.999999999999999,9.0,0.0,0.0,1008.5,1014.7,1010.6083333333332,61,89,77.45833333333333,No,No,No
420,20140225,5.7,11.4,8.095833333333333,5.7,1.2999999999999998,1.5,2.7,1005.1,1008.8,1006.2125,68,95,81.625,Yes,No,No
421,20140226,3.7,10.4,6.116666666666667,6.7,6.5,0.0,0.0,1009.5,1018.2,1014.7291666666666,62,98,86.875,No,No,No
422,20140227,2.8,7.0,4.795833333333333,4.2,1.5,3.5,2.9000000000000004,1005.7,1017.6,1010.0916666666667,76,98,91.54166666666667,Yes,No,No
423,20140228,1.6,8.3,5.266666666666667,6.700000000000001,2.2,2.2,1.2999999999999998,1000.3,1004.8,1001.7166666666666,72,98,86.375,Yes,No,No
424,20140301,4.8,8.0,5.854166666666667,3.2,1.2,4.8,2.7,999.8,1001.1,1000.3624999999998,74,97,88.20833333333333,Yes,No,No
425,20140302,1.5,9.6,6.108333333333334,8.1,9.1,0.5,0.4,990.7,1002.4,998.8416666666666,59,97,77.58333333333333,No,No,No
426,20140303,2.3,8.8,5.208333333333333,6.500000000000001,1.7000000000000002,2.8,0.7999999999999999,985.9,996.1,989.7791666666666,69,95,82.79166666666667,Yes,No,No
427,20140304,2.9,9.6,5.966666666666666,6.699999999999999,5.5,0.0,0.0,996.9,1011.1,1003.6333333333333,73,97,82.83333333333333,No,No,No
428,20140305,1.8,11.7,5.858333333333333,9.899999999999999,8.2,0.0,0.0,1011.9,1026.5,1020.1916666666667,49,100,83.5,No,No,No
429,20140306,2.1,12.0,7.129166666666667,9.9,3.2,0.0,0.0,1024.9,1028.4,1026.7791666666667,61,94,78.29166666666667,No,No,No
430,20140307,3.8,12.1,7.3,8.3,2.5,0.0,0.0,1023.1,1030.4,1025.1708333333333,60,98,79.54166666666667,No,No,No
431,20140308,0.5,15.3,9.066666666666666,14.8,9.4,0.0,0.0,1025.9,1031.9,1029.0333333333335,61,98,76.70833333333333,No,No,No
432,20140309,5.9,18.0,10.924999999999999,12.1,10.3,0.0,0.0,1025.2,1026.7,1025.8375,46,82,64.0,No,No,No
433,20140310,4.9,16.9,9.508333333333335,11.999999999999998,10.2,0.0,0.0,1024.8,1030.5,1026.6958333333334,55,97,79.16666666666667,No,No,No
434,20140311,6.1,13.0,8.316666666666666,6.9,5.8,0.0,0.0,1030.7,1034.5,1033.0708333333334,52,93,81.33333333333333,No,No,No
435,20140312,3.4,14.9,8.775,11.5,10.3,0.0,0.0,1029.8,1034.2,1032.0875,61,97,77.875,No,No,No
436,20140313,2.6,15.9,8.558333333333332,13.3,10.7,0.0,0.0,1028.4,1030.1,1029.2250000000001,53,100,77.75,No,No,No
437,20140314,2.3,9.2,6.345833333333332,6.8999999999999995,4.7,0.0,0.0,1020.2,1029.9,1025.6583333333335,79,100,92.0,No,No,No
438,20140315,8.3,10.7,9.641666666666666,2.3999999999999986,3.9000000000000004,0.0,0.0,1018.8,1023.0,1020.9208333333332,72,86,77.66666666666667,No,No,No
439,20140316,9.0,12.1,10.2375,3.0999999999999996,7.0,0.0,0.0,1018.2,1020.1,1019.2541666666666,68,90,79.75,No,No,No
440,20140317,8.7,11.3,10.095833333333333,2.6000000000000014,0.0,0.0,0.0,1017.7,1019.9,1019.2541666666666,73,87,78.66666666666667,No,No,No
441,20140318,7.7,10.4,9.35,2.7,0.5,1.5000000000000002,2.1,1010.7,1017.5,1013.6458333333334,71,95,84.41666666666667,Yes,No,No
442,20140319,7.2,13.3,10.079166666666666,6.1000000000000005,6.199999999999999,0.0,0.0,1016.7,1020.8,1019.9125,60,91,78.33333333333333,No,No,No
443,20140320,6.2,20.0,12.525,13.8,11.3,0.0,0.0,1004.9,1019.1,1011.0916666666666,35,95,68.45833333333333,No,No,No
444,20140321,5.2,11.2,7.654166666666668,5.999999999999999,4.5,10.0,21.1,1004.3,1008.9,1006.3291666666668,64,95,82.08333333333333,Yes,No,No
445,20140322,4.4,9.7,6.529166666666666,5.299999999999999,3.3999999999999995,0.2,0.1,999.4,1004.1,1000.7958333333335,60,87,76.83333333333333,Yes,No,No
446,20140323,3.4,9.0,5.6000000000000005,5.6,6.3999999999999995,1.7000000000000002,3.9000000000000004,1001.5,1010.7,1005.4499999999999,63,95,83.33333333333333,Yes,No,No
447,20140324,1.3,9.6,5.229166666666667,8.299999999999999,10.3,0.9,1.6,1011.1,1014.4,1013.3208333333333,51,97,73.25,Yes,No,No
448,20140325,1.0,10.1,5.916666666666667,9.1,9.0,0.0,0.0,1010.7,1014.9,1012.0749999999999,46,92,72.66666666666667,No,No,No
449,20140326,0.1,8.7,4.7,8.6,4.4,0.4,0.2,1014.0,1016.2,1014.9458333333333,61,98,79.29166666666667,Yes,No,No
450,20140327,2.5,13.4,8.479166666666666,10.9,8.4,0.3,0.1,1012.3,1015.6,1013.9625,49,86,67.70833333333333,No,No,No
451,20140328,5.1,16.7,10.725,11.6,11.5,0.0,0.0,1015.1,1019.0,1017.3375,47,81,65.83333333333333,No,No,No
452,20140329,4.7,18.9,11.691666666666665,14.2,10.4,0.0,0.0,1017.3,1020.0,1018.5291666666666,37,88,64.66666666666667,No,No,No
453,20140330,8.5,19.3,13.449999999999998,10.8,5.9,0.0,0.0,1015.0,1017.0,1016.0499999999998,42,75,62.708333333333336,No,No,No
454,20140331,9.9,19.8,14.625,9.9,7.4,0.0,0.0,1011.8,1015.4,1013.875,43,88,65.625,No,No,No
455,20140401,7.4,18.8,12.762500000000001,11.4,8.2,0.0,0.0,1009.8,1011.5,1010.6208333333334,50,91,71.83333333333333,No,No,No
456,20140402,6.0,18.6,12.908333333333333,12.600000000000001,6.9,0.0,0.0,1004.1,1009.6,1006.6083333333335,58,97,78.125,No,No,No
457,20140403,8.4,21.3,14.354166666666666,12.9,8.100000000000001,0.0,0.0,1002.3,1004.7,1003.2208333333334,48,94,74.5,No,No,No
458,20140404,10.8,13.2,12.112500000000002,2.3999999999999986,0.0,0.0,0.0,1005.0,1012.5,1008.7875,77,93,85.33333333333333,No,No,No
459,20140405,8.9,16.5,12.066666666666668,7.6,7.2,0.0,0.0,1012.5,1016.5,1014.9458333333333,48,96,76.70833333333333,No,No,No
460,20140406,10.0,16.0,13.200000000000001,6.0,0.0,1.5,0.6,1014.8,1016.0,1015.3083333333334,82,94,86.83333333333333,Yes,No,No
461,20140407,11.4,20.4,14.820833333333331,8.999999999999998,3.0,3.5999999999999996,14.8,1005.5,1015.7,1011.0833333333334,60,97,85.375,Yes,No,Yes
462,20140408,6.6,12.4,9.008333333333333,5.800000000000001,6.2,2.4000000000000004,6.8999999999999995,1005.4,1022.7,1015.2875,61,95,78.45833333333333,Yes,No,No
463,20140409,6.0,13.4,10.287500000000001,7.4,11.0,0.0,0.0,1023.0,1024.6,1023.7875,66,88,77.54166666666667,No,No,No
464,20140410,9.0,13.8,11.570833333333333,4.800000000000001,1.5,0.0,0.0,1020.1,1023.1,1021.5625,69,94,80.79166666666667,No,No,No
465,20140411,6.3,15.3,10.262500000000001,9.0,5.9,0.0,0.0,1019.1,1021.3,1020.3375,61,96,81.16666666666667,No,No,No
466,20140412,2.5,14.3,9.700000000000001,11.8,6.699999999999999,0.0,0.0,1016.3,1020.1,1018.0583333333334,49,100,75.54166666666667,No,No,No
467,20140413,7.6,11.9,10.258333333333333,4.300000000000001,9.7,0.0,0.0,1015.4,1020.5,1018.5625,57,87,71.41666666666667,No,No,No
468,20140414,4.5,10.8,8.658333333333333,6.300000000000001,7.099999999999999,1.0,0.8,1015.0,1025.5,1020.3041666666668,58,84,71.16666666666667,Yes,No,No
469,20140415,3.0,10.7,6.841666666666668,7.699999999999999,5.7,0.0,0.0,1025.7,1030.4,1028.5583333333332,52,86,70.375,Yes,No,No
470,20140416,2.2,14.6,8.799999999999999,12.399999999999999,13.0,0.0,0.0,1025.2,1031.6,1029.1458333333333,44,95,65.16666666666667,No,No,No
471,20140417,4.9,16.8,10.666666666666666,11.9,6.100000000000001,1.5,1.6,1014.5,1024.6,1018.6,34,92,65.25,No,No,No
472,20140418,5.9,10.8,7.995833333333333,4.9,4.499999999999999,1.3,0.8999999999999999,1014.3,1018.3,1016.7791666666667,63,86,75.91666666666667,Yes,No,No
473,20140419,6.2,15.1,10.641666666666666,8.899999999999999,10.099999999999998,0.7,0.3,1013.4,1020.1,1017.0458333333332,52,93,75.08333333333333,No,No,No
474,20140420,10.9,21.0,15.4625,10.1,9.399999999999999,0.0,0.0,1005.0,1012.7,1008.0291666666667,45,81,64.41666666666667,No,No,No
475,20140421,10.1,14.4,12.179166666666667,4.300000000000001,3.3000000000000003,0.9,0.5,1003.9,1006.9,1005.5166666666668,71,92,83.08333333333333,Yes,No,No
476,20140422,8.8,16.9,13.112500000000002,8.099999999999998,8.4,0.0,0.0,1006.1,1016.7,1011.0833333333334,53,93,75.25,No,No,No
477,20140423,7.9,19.4,13.987500000000002,11.499999999999998,10.7,0.0,0.0,1016.8,1020.0,1018.9,51,97,76.75,No,No,No
478,20140424,9.2,18.8,14.35,9.600000000000001,2.2,0.7,8.3,1015.0,1020.3,1018.1999999999999,66,98,83.41666666666667,No,No,Yes
479,20140425,12.1,22.4,16.575,10.299999999999999,10.100000000000001,0.5,1.2,1008.8,1014.4,1011.4791666666666,47,96,79.125,Yes,No,Yes
480,20140426,10.3,17.3,13.612499999999999,7.0,5.599999999999999,0.0,0.0,1007.5,1012.0,1010.0125000000002,55,93,74.66666666666667,No,No,No
481,20140427,9.5,14.7,11.654166666666667,5.199999999999999,1.4,5.1000000000000005,2.0,1006.6,1009.5,1007.5708333333333,74,96,86.83333333333333,Yes,No,No
482,20140428,8.6,15.6,13.066666666666668,7.0,0.6000000000000001,0.0,0.0,1009.3,1013.4,1011.5124999999999,70,98,84.95833333333333,No,No,No
483,20140429,10.8,14.9,12.883333333333333,4.1,2.9000000000000004,1.2,1.2000000000000002,1011.7,1012.8,1012.275,78,99,90.41666666666667,No,No,No
484,20140430,10.0,15.1,11.495833333333332,5.1,0.8,0.0,0.0,1011.2,1012.5,1011.9625,83,100,92.83333333333333,No,No,No
485,20140501,9.7,16.8,12.7125,7.100000000000001,3.8000000000000003,1.3,2.7,1010.0,1013.6,1011.4208333333332,62,97,83.70833333333333,No,No,No
486,20140502,4.5,11.8,9.9,7.300000000000001,2.6,0.0,0.0,1013.7,1026.5,1020.4375,57,90,72.79166666666667,No,No,No
487,20140503,3.8,11.9,8.354166666666666,8.100000000000001,9.3,0.0,0.0,1026.2,1027.7,1026.8041666666668,51,93,68.29166666666667,No,No,No
488,20140504,3.3,12.1,8.770833333333334,8.8,6.6,0.0,0.0,1020.4,1025.9,1023.6791666666667,55,94,71.5,No,No,No
489,20140505,4.8,18.0,12.933333333333332,13.2,9.700000000000001,0.0,0.0,1009.2,1020.2,1015.2125,43,90,60.0,No,No,No
490,20140506,11.7,17.5,14.366666666666667,5.800000000000001,4.7,0.1,0.1,1005.6,1008.2,1006.625,49,75,66.58333333333333,No,No,No
491,20140507,11.4,16.1,13.458333333333334,4.700000000000001,6.6,0.30000000000000004,0.4,1005.7,1010.0,1008.5583333333334,58,90,75.41666666666667,Yes,No,No
492,20140508,11.6,14.6,12.604166666666666,3.0,0.2,8.1,16.599999999999998,1003.4,1010.4,1007.6583333333333,62,98,85.08333333333333,Yes,No,No
493,20140509,7.8,15.9,12.550000000000002,8.100000000000001,5.499999999999999,0.7,3.1,1006.0,1012.7,1009.2708333333334,63,94,80.75,Yes,No,No
494,20140510,9.3,15.2,11.683333333333332,5.899999999999999,3.0,6.599999999999999,5.999999999999999,999.2,1012.6,1004.7833333333333,64,98,88.58333333333333,Yes,No,No
495,20140511,9.7,12.9,10.8125,3.200000000000001,0.9000000000000001,12.500000000000002,13.6,998.0,1004.0,1000.625,75,92,84.91666666666667,Yes,No,No
496,20140512,7.2,13.8,10.987500000000002,6.6000000000000005,5.3999999999999995,1.5,1.5000000000000002,1004.2,1011.9,1008.3625000000001,70,97,82.70833333333333,Yes,No,No
497,20140513,6.3,14.0,10.475,7.7,11.600000000000001,0.0,0.0,1011.9,1024.9,1018.0541666666667,52,97,75.54166666666667,No,No,No
498,20140514,6.1,14.0,10.058333333333334,7.9,9.100000000000001,0.0,0.0,1025.1,1034.1,1029.5625,53,91,74.25,No,No,No
499,20140515,4.0,15.2,10.483333333333333,11.2,11.8,0.0,0.0,1034.2,1037.0,1036.0375000000001,50,94,69.45833333333333,No,No,No
500,20140516,6.0,18.2,12.733333333333334,12.2,14.8,0.0,0.0,1027.7,1035.8,1031.9875,35,97,68.375,No,No,No
501,20140517,8.1,20.1,14.795833333333334,12.000000000000002,14.400000000000002,0.0,0.0,1019.7,1027.6,1023.6375000000002,45,98,72.29166666666667,No,No,No
502,20140518,10.8,21.9,16.8875,11.099999999999998,13.800000000000002,0.0,0.0,1009.3,1019.4,1014.0791666666668,49,98,69.66666666666667,No,No,No
503,20140519,12.2,23.9,18.691666666666666,11.7,13.4,0.0,0.0,1006.5,1009.0,1007.4541666666668,42,91,66.125,No,No,No
504,20140520,14.7,25.5,19.775000000000002,10.8,8.100000000000001,0.9,6.6,1007.8,1013.3,1010.0208333333334,44,96,62.666666666666664,No,No,Yes
505,20140521,13.4,20.9,17.900000000000002,7.499999999999998,2.7000000000000006,1.8,3.0999999999999996,1003.4,1012.7,1009.3125,63,98,80.08333333333333,Yes,No,No
506,20140522,15.2,21.9,17.845833333333335,6.699999999999999,9.0,0.6000000000000001,1.2,1002.1,1007.3,1006.0875,43,89,68.58333333333333,No,No,No
507,20140523,13.4,20.0,16.35,6.6,5.500000000000001,0.0,0.0,1007.1,1011.3,1009.3416666666666,48,91,70.08333333333333,No,No,No
508,20140524,11.6,19.3,15.891666666666666,7.700000000000001,9.2,0.0,0.0,1010.7,1016.8,1013.6666666666666,46,90,68.45833333333333,No,No,No
509,20140525,10.7,19.8,15.566666666666668,9.100000000000001,9.4,0.0,0.0,1016.8,1020.8,1019.5124999999999,52,89,73.58333333333333,No,No,No
510,20140526,13.5,21.4,16.362499999999997,7.899999999999999,0.6000000000000001,4.9,14.1,1011.7,1020.3,1016.3249999999999,54,96,83.70833333333333,Yes,No,No
511,20140527,14.9,18.1,15.941666666666668,3.200000000000001,0.4,8.9,9.8,1009.8,1011.5,1010.6291666666666,78,98,92.45833333333333,Yes,No,No
512,20140528,11.9,15.2,13.295833333333334,3.299999999999999,0.0,10.1,4.6000000000000005,1009.7,1014.2,1011.9749999999999,91,98,95.75,Yes,No,No
513,20140529,6.6,11.7,10.545833333333334,5.1,0.4,1.2999999999999998,0.2,1014.5,1021.6,1018.0958333333333,74,98,88.91666666666667,Yes,No,No
514,20140530,5.8,17.0,12.725,11.2,12.900000000000002,0.0,0.0,1021.7,1024.6,1023.3041666666667,53,96,70.08333333333333,No,No,No
515,20140531,7.7,18.4,13.479166666666666,10.7,11.5,0.0,0.0,1023.1,1024.2,1023.65,50,100,71.54166666666667,No,No,No
516,20140601,9.1,18.0,13.6625,8.9,10.6,0.0,0.0,1020.9,1023.0,1022.0500000000001,51,93,71.83333333333333,No,No,No
517,20140602,8.7,18.7,14.133333333333333,10.0,8.7,0.0,0.0,1017.2,1020.8,1018.9875000000001,59,97,74.66666666666667,No,No,No
518,20140603,8.6,19.5,15.308333333333332,10.9,5.600000000000001,0.4,0.1,1010.2,1017.0,1013.9458333333333,58,94,77.5,No,No,No
519,20140604,12.7,18.0,15.004166666666665,5.300000000000001,1.3,5.1,3.8000000000000007,1002.6,1009.6,1005.5,74,97,87.29166666666667,Yes,No,No
520,20140605,9.1,16.4,12.745833333333332,7.299999999999999,5.799999999999999,0.2,0.4,1006.4,1014.8,1009.9958333333334,58,92,74.66666666666667,Yes,No,No
521,20140606,7.7,22.0,16.370833333333334,14.3,14.9,0.0,0.0,1015.0,1017.0,1015.8458333333334,42,93,64.75,No,No,No
522,20140607,12.8,27.6,19.925,14.8,9.000000000000002,0.0,0.0,1012.9,1016.3,1014.275,49,89,71.16666666666667,Yes,No,No
523,20140608,15.4,24.1,19.345833333333335,8.700000000000001,8.600000000000001,1.1,0.9,1016.1,1020.1,1019.0375,56,98,77.70833333333333,Yes,No,No
524,20140609,16.8,26.8,21.90416666666667,10.0,5.8,0.0,0.0,1014.9,1019.3,1016.8291666666668,64,94,80.20833333333333,No,No,No
525,20140610,13.9,24.3,19.116666666666667,10.4,6.1000000000000005,3.9999999999999996,7.1,1013.9,1023.1,1018.9708333333333,55,94,78.75,Yes,No,No
526,20140611,11.8,20.0,16.608333333333334,8.2,12.9,0.0,0.0,1023.1,1028.9,1026.425,51,97,74.0,No,No,No
527,20140612,11.4,22.0,17.1875,10.6,12.0,0.0,0.0,1025.9,1028.7,1027.5916666666667,54,98,72.66666666666667,No,No,No
528,20140613,11.6,21.5,17.179166666666664,9.9,14.3,0.0,0.0,1022.1,1025.5,1023.6125000000001,55,98,74.41666666666667,No,No,No
529,20140614,13.2,18.5,15.745833333333332,5.300000000000001,4.2,0.0,0.0,1021.8,1024.9,1022.9041666666667,57,80,68.125,No,No,No
530,20140615,11.7,18.4,15.216666666666669,6.699999999999999,6.900000000000001,0.0,0.0,1024.4,1025.8,1024.9791666666667,59,84,67.95833333333333,No,No,No
531,20140616,13.0,17.5,14.975,4.5,2.0,0.0,0.0,1023.2,1025.3,1024.0333333333333,66,92,74.16666666666667,No,No,No
532,20140617,9.9,18.4,15.0,8.499999999999998,4.1,0.0,0.0,1023.4,1024.6,1024.0916666666667,68,94,76.08333333333333,No,No,No
533,20140618,9.7,19.9,15.629166666666668,10.2,7.1,0.3,0.1,1022.6,1024.6,1023.7458333333334,59,98,78.875,No,No,No
534,20140619,12.8,15.5,14.116666666666667,2.6999999999999993,0.8999999999999999,1.1,0.8,1019.9,1022.4,1021.0625,76,95,81.54166666666667,Yes,No,No
535,20140620,11.0,16.7,13.725,5.699999999999999,2.4,0.7000000000000001,0.7999999999999999,1019.3,1021.3,1020.3874999999999,64,92,79.75,Yes,No,No
536,20140621,10.2,19.6,15.483333333333333,9.400000000000002,10.500000000000002,0.0,0.0,1018.1,1020.1,1019.225,58,92,76.5,No,No,No
537,20140622,9.4,19.2,14.85,9.799999999999999,12.5,0.0,0.0,1019.5,1024.0,1022.0124999999999,56,97,75.375,No,No,No
538,20140623,9.4,20.3,15.904166666666669,10.9,9.399999999999999,0.0,0.0,1020.3,1024.5,1022.4333333333334,59,97,74.91666666666667,No,No,No
539,20140624,11.1,19.9,16.058333333333334,8.799999999999999,5.7,0.0,0.0,1017.6,1020.2,1018.5708333333333,59,88,72.54166666666667,No,No,No
540,20140625,9.4,17.7,14.616666666666667,8.299999999999999,6.2,0.0,0.0,1016.8,1017.6,1017.1708333333332,54,92,68.66666666666667,No,No,No
541,20140626,10.4,20.4,16.604166666666668,9.999999999999998,10.2,0.0,0.0,1014.0,1016.5,1015.4708333333333,52,95,69.41666666666667,No,No,No
542,20140627,14.0,20.4,16.933333333333334,6.399999999999999,3.4,1.5,0.7999999999999999,1011.9,1013.9,1013.1999999999999,63,93,77.625,Yes,No,No
543,20140628,13.8,19.9,16.516666666666666,6.099999999999998,5.3,0.0,0.0,1008.0,1011.5,1009.7791666666667,55,97,79.45833333333333,No,No,No
544,20140629,11.9,18.4,15.583333333333334,6.499999999999998,10.999999999999998,0.4,0.3,1007.3,1012.9,1009.5208333333334,57,97,75.04166666666667,No,No,No
545,20140630,10.6,17.3,13.858333333333334,6.700000000000001,7.5,3.3,4.699999999999999,1012.9,1019.2,1016.7916666666666,55,97,78.45833333333333,Yes,No,No
546,20140701,9.9,18.9,14.816666666666668,8.999999999999998,13.3,0.0,0.0,1018.9,1021.6,1020.225,56,93,70.875,No,No,No
547,20140702,9.3,19.4,15.225,10.099999999999998,8.799999999999999,0.0,0.0,1021.4,1023.5,1022.75,50,97,70.08333333333333,No,No,No
548,20140703,11.8,23.8,18.9125,12.0,12.8,0.0,0.0,1016.4,1022.9,1020.0041666666666,35,90,61.291666666666664,No,No,No
549,20140704,13.1,28.6,21.974999999999998,15.500000000000002,8.6,0.0,0.0,1005.3,1015.7,1009.7083333333334,31,85,60.083333333333336,No,No,No
550,20140705,17.5,22.4,19.308333333333334,4.899999999999999,6.4,3.3,6.8,1003.0,1006.7,1004.5750000000002,62,98,83.66666666666667,Yes,No,No
551,20140706,14.2,24.0,18.329166666666666,9.8,1.4,3.8,7.7,1004.3,1011.1,1006.2791666666666,64,98,86.91666666666667,Yes,No,No
552,20140707,12.5,21.0,17.400000000000002,8.5,6.0,0.4,2.2,1011.8,1017.9,1015.9458333333332,54,97,76.04166666666667,No,No,No
553,20140708,13.7,16.2,14.9625,2.5,0.0,16.8,15.8,1011.9,1014.8,1012.9041666666667,81,96,91.08333333333333,Yes,No,No
554,20140709,13.5,17.5,15.591666666666667,4.0,0.0,6.499999999999999,2.6999999999999997,1007.5,1011.5,1008.9,85,98,95.125,Yes,No,No
555,20140710,15.1,27.3,21.3125,12.200000000000001,10.899999999999999,0.0,0.0,1008.5,1013.0,1010.6416666666668,65,99,84.875,No,No,No
556,20140711,16.6,24.1,19.65416666666667,7.5,5.800000000000001,0.9,3.2,1012.0,1015.1,1014.0708333333332,71,98,87.58333333333333,No,No,No
557,20140712,15.7,23.4,18.65833333333333,7.699999999999999,6.9,0.0,0.0,1010.6,1014.5,1012.8499999999999,68,97,86.45833333333333,No,No,No
558,20140713,15.4,22.0,18.791666666666668,6.6,6.300000000000001,0.2,0.1,1006.1,1010.3,1007.6583333333333,72,97,84.25,No,No,No
559,20140714,14.4,20.9,17.8125,6.499999999999998,3.6000000000000005,0.0,0.0,1007.9,1016.7,1012.8916666666668,69,94,83.79166666666667,No,No,No
560,20140715,14.1,21.1,17.275000000000002,7.000000000000002,4.0,0.0,0.0,1016.6,1022.0,1019.1,72,94,85.29166666666667,No,No,No
561,20140716,14.5,24.9,19.708333333333332,10.399999999999999,13.2,0.0,0.0,1021.0,1022.2,1021.5791666666668,48,96,75.33333333333333,No,No,No
562,20140717,16.2,26.7,21.962500000000002,10.5,10.1,0.0,0.0,1019.8,1021.9,1020.9499999999999,49,93,70.0,No,No,No
563,20140718,18.0,30.8,25.03333333333333,12.8,12.899999999999999,0.0,0.0,1013.0,1019.4,1015.9,41,89,64.41666666666667,No,No,No
564,20140719,19.3,33.3,26.425,13.999999999999996,8.1,0.2,0.1,1008.3,1013.1,1010.0166666666668,33,89,61.375,Yes,No,No
565,20140720,18.0,24.8,21.279166666666665,6.800000000000001,2.6,0.5,1.0,1008.0,1012.0,1009.7875,68,98,82.54166666666667,Yes,No,No
566,20140721,18.0,21.0,19.412499999999998,3.0,0.0,4.8999999999999995,6.3999999999999995,1011.7,1017.2,1014.6416666666668,85,98,93.625,Yes,No,No
567,20140722,18.6,26.4,22.483333333333334,7.799999999999997,13.6,0.5,1.2,1017.0,1021.0,1019.1875,55,96,74.25,No,No,No
568,20140723,20.5,27.6,23.54583333333333,7.100000000000001,13.2,0.0,0.0,1017.5,1020.4,1019.0124999999999,47,83,64.91666666666667,No,No,No
569,20140724,17.7,25.9,22.058333333333334,8.2,13.000000000000002,0.0,0.0,1015.7,1017.6,1016.725,49,79,63.375,No,No,No
570,20140725,16.4,21.9,18.974999999999998,5.5,0.30000000000000004,1.1,1.2,1014.4,1016.8,1015.6958333333332,64,98,80.45833333333333,Yes,No,No
571,20140726,17.1,24.2,20.395833333333332,7.099999999999998,7.5,1.2,2.1,1013.0,1014.8,1013.6916666666666,72,98,88.91666666666667,Yes,No,Yes
572,20140727,17.1,24.3,19.783333333333335,7.199999999999999,7.1,0.8999999999999999,14.700000000000001,1014.7,1016.3,1015.5583333333334,69,98,86.5,No,No,Yes
573,20140728,16.4,23.7,19.516666666666666,7.300000000000001,6.0,7.6000000000000005,60.5,1011.1,1014.8,1012.6458333333334,73,98,90.625,Yes,No,Yes
574,20140729,16.1,24.7,20.65833333333333,8.599999999999998,4.3,0.0,0.0,1011.6,1013.1,1012.3791666666666,75,96,85.20833333333333,No,No,No
575,20140730,14.1,21.8,17.6875,7.700000000000001,10.7,0.0,0.0,1012.1,1015.8,1013.9166666666666,67,97,80.375,No,No,No
576,20140731,13.0,25.2,19.508333333333333,12.2,10.8,0.0,0.0,1012.5,1015.6,1014.1875,50,97,72.79166666666667,No,No,No
577,20140801,15.6,24.1,19.90416666666667,8.500000000000002,9.7,0.0,0.0,1008.3,1012.3,1010.1291666666666,56,94,75.16666666666667,No,No,No
578,20140802,16.6,26.9,21.183333333333334,10.299999999999997,5.8,0.0,0.0,1003.8,1007.6,1005.4375,55,97,78.20833333333333,No,No,Yes
579,20140803,16.2,24.2,19.662499999999998,8.0,10.4,0.0,0.0,1006.6,1013.6,1010.6458333333334,51,96,74.25,No,No,No
580,20140804,13.6,21.9,18.266666666666666,8.299999999999999,13.0,1.7000000000000002,8.4,1013.3,1018.7,1015.9458333333332,55,98,76.5,No,No,No
581,20140805,12.7,22.9,18.65,10.2,10.4,0.0,0.0,1017.2,1019.7,1019.0,48,97,74.66666666666667,No,No,No
582,20140806,16.5,20.6,18.116666666666667,4.100000000000001,1.5,3.5,1.8,1012.5,1017.1,1014.1,63,98,81.79166666666667,Yes,No,No
583,20140807,16.4,24.0,19.458333333333332,7.600000000000001,7.7,0.0,0.0,1012.2,1016.3,1014.3083333333334,60,98,81.0,No,No,No
584,20140808,15.2,23.0,19.083333333333332,7.800000000000001,0.8999999999999999,2.5,4.1000000000000005,1001.9,1016.0,1009.9833333333332,73,97,89.0,Yes,No,No
585,20140809,15.8,22.1,18.941666666666666,6.300000000000001,10.399999999999999,2.0999999999999996,3.5,999.2,1011.5,1007.3583333333332,53,98,74.83333333333333,Yes,No,No
586,20140810,16.1,21.1,18.608333333333334,5.0,1.7,2.2,4.0,997.2,1009.8,1003.0625,62,93,81.0,Yes,No,No
587,20140811,14.6,21.1,17.766666666666666,6.500000000000002,10.600000000000001,2.6,16.0,1004.0,1009.2,1007.6791666666668,50,93,69.20833333333333,Yes,No,Yes
588,20140812,14.1,19.4,16.429166666666667,5.299999999999999,7.400000000000001,5.6000000000000005,16.1,1005.3,1008.3,1007.2125,54,94,73.58333333333333,Yes,No,Yes
589,20140813,12.9,19.9,16.991666666666667,6.999999999999998,11.8,0.3,3.9,1003.5,1006.5,1004.5333333333333,56,93,75.79166666666667,Yes,No,No
590,20140814,13.0,19.8,16.35833333333333,6.800000000000001,8.0,2.6999999999999997,6.800000000000001,1006.1,1010.1,1008.6291666666666,63,97,80.83333333333333,Yes,No,No
591,20140815,12.9,19.3,15.820833333333335,6.4,7.200000000000001,2.4000000000000004,5.1,1009.5,1016.7,1012.7125,63,97,82.16666666666667,Yes,No,No
592,20140816,13.5,17.6,16.333333333333332,4.100000000000001,4.3999999999999995,0.1,0.1,1013.0,1018.6,1016.9458333333332,60,93,74.25,Yes,No,No
593,20140817,14.3,17.3,15.966666666666669,3.0,1.7,3.3000000000000003,14.900000000000002,1003.1,1012.4,1006.7791666666666,62,95,76.08333333333333,Yes,No,Yes
594,20140818,9.9,17.6,14.241666666666667,7.700000000000001,4.999999999999999,4.800000000000001,8.700000000000001,1002.0,1009.5,1005.5916666666666,68,96,81.70833333333333,Yes,No,No
595,20140819,10.8,16.1,12.958333333333334,5.300000000000001,5.4,4.3,5.4,1007.2,1013.7,1009.9375,65,97,83.5,Yes,No,No
596,20140820,9.9,14.8,12.466666666666669,4.9,4.0,1.5,2.8,1013.7,1016.3,1015.4125,71,93,81.29166666666667,Yes,No,No
597,20140821,7.7,18.0,13.65,10.3,5.1,1.7000000000000002,5.0,1011.5,1016.0,1014.4208333333332,54,98,77.83333333333333,Yes,No,No
598,20140822,10.1,15.7,13.258333333333335,5.6,2.8,5.8,23.2,1008.9,1011.8,1010.1625,76,97,88.58333333333333,Yes,No,Yes
599,20140823,8.1,16.1,12.275,8.000000000000002,7.5,1.9000000000000001,7.300000000000001,1011.3,1015.8,1013.1875,61,98,81.79166666666667,Yes,No,Yes
600,20140824,8.8,17.2,12.933333333333332,8.399999999999999,8.7,1.3,1.0000000000000002,1016.0,1018.2,1017.4458333333332,58,98,79.83333333333333,Yes,No,No
601,20140825,10.9,16.1,13.133333333333333,5.200000000000001,0.0,8.4,3.4999999999999996,1005.0,1016.6,1012.0791666666668,65,98,88.29166666666667,Yes,No,No
602,20140826,11.2,16.9,14.108333333333334,5.699999999999999,1.0999999999999999,6.699999999999999,8.099999999999998,1003.8,1013.2,1007.6166666666667,69,98,86.54166666666667,Yes,No,No
603,20140827,8.1,20.5,14.754166666666668,12.4,12.1,0.0,0.0,1013.4,1017.2,1015.8375,55,99,78.625,No,No,No
604,20140828,12.9,20.4,16.695833333333333,7.499999999999998,3.1,0.6000000000000001,0.4,1012.3,1014.7,1013.3125,76,98,88.375,Yes,No,No
605,20140829,14.0,20.4,17.229166666666668,6.399999999999999,8.900000000000002,0.3,0.1,1013.0,1014.5,1013.8874999999999,60,98,80.25,No,No,No
606,20140830,14.0,19.5,16.566666666666666,5.5,3.5,3.8000000000000007,4.4,1013.0,1014.8,1013.7458333333334,69,97,87.79166666666667,Yes,No,No
607,20140831,10.7,18.0,14.9125,7.300000000000001,5.3,0.6,1.3,1013.3,1019.0,1015.4208333333332,68,98,86.875,Yes,No,No
608,20140901,10.1,20.0,15.5625,9.9,7.6000000000000005,0.5,0.4,1019.1,1021.3,1020.3916666666668,57,98,81.33333333333333,No,No,No
609,20140902,13.5,21.1,17.3625,7.600000000000001,10.0,0.0,0.0,1021.3,1024.5,1023.0916666666666,59,98,81.16666666666667,No,No,No
610,20140903,13.1,21.4,17.158333333333335,8.299999999999999,11.2,0.0,0.0,1021.8,1025.0,1023.5000000000001,53,98,78.875,No,No,No
611,20140904,13.5,22.9,18.045833333333334,9.399999999999999,10.700000000000003,0.0,0.0,1015.9,1021.4,1018.6416666666668,65,97,80.45833333333333,No,No,No
612,20140905,14.6,23.1,18.529166666666665,8.500000000000002,0.8,0.0,0.0,1013.3,1015.7,1014.2916666666666,61,98,83.0,No,No,No
613,20140906,15.5,19.8,17.629166666666666,4.300000000000001,0.4,0.0,0.0,1012.7,1014.1,1013.3125,76,98,90.04166666666667,No,No,No
614,20140907,13.6,20.8,17.1,7.200000000000001,7.3,0.0,0.0,1014.0,1017.2,1015.3666666666667,68,96,84.625,No,No,No
615,20140908,9.7,19.3,14.695833333333333,9.600000000000001,10.500000000000002,0.0,0.0,1017.0,1020.4,1018.9333333333334,58,99,78.45833333333333,No,No,No
616,20140909,13.4,17.4,15.183333333333335,3.9999999999999982,1.4000000000000001,0.5,0.2,1020.0,1021.6,1020.9708333333333,62,96,77.91666666666667,No,No,No
617,20140910,10.2,18.6,14.424999999999999,8.400000000000002,4.3,0.0,0.0,1020.4,1021.6,1021.025,56,98,76.0,No,No,No
618,20140911,9.7,20.9,16.179166666666664,11.2,8.5,0.0,0.0,1019.5,1023.0,1020.6999999999999,62,98,82.0,No,No,No
619,20140912,11.2,20.7,16.554166666666664,9.5,10.700000000000001,0.0,0.0,1022.9,1025.1,1023.7625000000002,64,98,83.5,No,No,No
620,20140913,14.9,20.5,17.241666666666667,5.6,7.8,0.0,0.0,1024.8,1026.1,1025.5333333333333,66,97,84.75,No,No,No
621,20140914,13.0,20.3,16.5,7.300000000000001,6.8999999999999995,0.0,0.0,1018.9,1024.5,1021.6458333333334,62,98,85.29166666666667,No,No,No
622,20140915,11.2,22.0,17.225,10.8,9.900000000000002,0.0,0.0,1016.1,1018.7,1017.1541666666667,60,99,85.41666666666667,No,No,No
623,20140916,14.5,23.6,18.59583333333333,9.100000000000001,7.3,0.0,0.0,1013.8,1016.3,1015.0208333333334,62,100,86.0,No,No,No
624,20140917,14.6,24.6,19.04583333333333,10.000000000000002,9.7,0.0,0.0,1011.1,1013.5,1012.35,59,98,81.875,No,No,No
625,20140918,14.7,25.4,19.433333333333334,10.7,9.5,0.0,0.0,1009.5,1010.9,1010.2333333333332,52,98,82.04166666666667,No,No,No
626,20140919,14.7,23.3,18.575,8.600000000000001,5.8,0.0,0.0,1010.1,1013.1,1011.5666666666666,70,98,89.79166666666667,No,No,No
627,20140920,14.5,22.1,17.920833333333334,7.600000000000001,4.4,0.0,0.0,1012.8,1016.1,1014.2833333333333,75,100,90.0,No,No,No
628,20140921,13.9,18.7,15.879166666666665,4.799999999999999,6.900000000000001,0.6,0.6,1016.0,1021.7,1019.0791666666665,59,97,75.66666666666667,Yes,No,No
629,20140922,9.8,17.0,14.141666666666666,7.199999999999999,6.9,0.0,0.0,1020.6,1022.8,1021.5375,48,84,65.29166666666667,Yes,No,No
630,20140923,8.7,17.7,13.604166666666666,9.0,2.3000000000000003,0.0,0.0,1015.1,1022.1,1019.3416666666666,58,97,77.54166666666667,No,No,No
631,20140924,10.5,16.2,13.625,5.699999999999999,1.2,3.2,10.8,1008.9,1014.7,1011.1083333333332,76,97,87.41666666666667,Yes,No,No
632,20140925,10.4,17.3,14.933333333333332,6.9,4.1000000000000005,0.0,0.0,1014.2,1019.8,1018.1625,60,92,77.54166666666667,No,No,No
633,20140926,12.6,19.2,16.3125,6.6,1.2,0.5,0.1,1019.3,1026.3,1022.4499999999999,79,98,89.08333333333333,No,No,No
634,20140927,10.2,20.4,15.616666666666667,10.2,5.1000000000000005,0.0,0.0,1025.8,1028.4,1027.0208333333333,57,100,81.625,No,No,No
635,20140928,11.1,21.1,16.27916666666667,10.000000000000002,6.7,0.0,0.0,1020.4,1025.6,1022.5083333333332,61,97,83.16666666666667,No,No,No
636,20140929,12.8,19.8,16.320833333333333,7.0,0.7,1.9,0.7000000000000001,1019.8,1021.8,1020.9708333333333,78,98,93.29166666666667,Yes,No,No
637,20140930,12.1,18.5,15.725,6.4,3.0,0.0,0.0,1021.3,1025.0,1023.6416666666668,77,98,91.25,No,No,No
638,20141001,11.5,19.5,16.170833333333334,8.0,1.9000000000000001,0.0,0.0,1024.5,1027.2,1025.6791666666666,71,100,89.45833333333333,No,No,No
639,20141002,12.2,18.2,16.058333333333334,6.0,1.2000000000000002,0.0,0.0,1026.9,1029.3,1028.175,76,99,88.375,No,No,No
640,20141003,10.1,21.3,15.583333333333334,11.200000000000001,9.0,0.0,0.0,1018.9,1026.6,1023.4333333333334,62,100,85.875,No,No,No
641,20141004,12.0,20.6,15.520833333333334,8.600000000000001,7.2,3.4,10.999999999999998,1012.2,1018.3,1015.125,65,98,85.16666666666667,Yes,No,No
642,20141005,8.6,15.7,13.1,7.1,4.1000000000000005,0.0,0.0,1014.4,1019.7,1017.8166666666666,61,97,77.08333333333333,No,No,No
643,20141006,12.6,14.8,13.591666666666667,2.200000000000001,0.4,0.8,0.2,1001.2,1013.9,1008.0833333333334,77,98,88.33333333333333,Yes,No,No
644,20141007,10.1,15.1,12.508333333333333,5.0,3.8,4.0,7.2,995.3,1005.3,999.4625,66,98,84.58333333333333,Yes,No,Yes
645,20141008,9.2,15.6,12.825000000000001,6.4,0.8999999999999999,3.9,4.3,997.4,1005.9,1001.3375,87,97,92.33333333333333,Yes,No,No
646,20141009,12.0,18.0,14.5625,6.0,7.2,0.8,0.6,999.1,1006.9,1003.1666666666666,63,93,81.25,Yes,No,No
647,20141010,10.4,18.1,13.5875,7.700000000000001,8.400000000000002,0.0,0.0,1007.2,1014.2,1012.125,70,94,85.0,No,No,No
648,20141011,9.3,14.3,11.775,5.0,3.0,2.6,3.4000000000000004,1011.5,1013.4,1012.5541666666667,83,98,94.41666666666667,Yes,No,No
649,20141012,8.9,16.2,12.816666666666668,7.299999999999999,6.9,2.8,2.6,1005.5,1014.4,1011.6208333333334,67,98,89.33333333333333,Yes,No,No
650,20141013,11.9,17.3,14.441666666666668,5.4,1.6,1.6,2.3000000000000003,1002.5,1004.9,1003.6625,78,98,88.79166666666667,Yes,No,No
651,20141014,10.6,13.9,12.320833333333333,3.3000000000000007,0.0,1.4000000000000001,1.1,1003.8,1004.8,1004.25,86,97,93.33333333333333,Yes,No,No
652,20141015,11.4,17.5,13.733333333333333,6.1,7.5,3.1,1.3,1004.0,1005.8,1005.2083333333334,64,98,87.70833333333333,Yes,No,No
653,20141016,12.3,17.6,14.341666666666667,5.300000000000001,5.5,2.7,3.2,1001.0,1005.9,1003.5,72,98,91.83333333333333,Yes,No,No
654,20141017,11.2,18.9,14.5875,7.699999999999999,6.800000000000001,0.0,0.0,1005.9,1016.4,1012.1,77,98,91.625,No,No,No
655,20141018,13.0,22.2,17.441666666666666,9.2,7.1,0.0,0.0,1014.6,1016.3,1015.4083333333334,73,97,85.66666666666667,No,No,No
656,20141019,15.4,19.3,16.925,3.9000000000000004,2.5,0.0,0.0,1012.7,1015.4,1013.5625,76,97,87.0,No,No,No
657,20141020,13.4,16.2,14.970833333333333,2.799999999999999,5.5,2.4,10.600000000000001,1010.2,1015.7,1013.6541666666667,73,96,81.79166666666667,Yes,No,No
658,20141021,9.1,13.7,11.804166666666665,4.6,0.7,11.5,20.799999999999994,996.4,1010.5,1003.4666666666667,69,98,84.375,Yes,No,Yes
659,20141022,6.8,12.9,10.416666666666666,6.1000000000000005,4.1000000000000005,4.4,4.4,1012.1,1021.8,1018.2916666666666,61,97,78.875,Yes,No,No
660,20141023,10.4,14.2,12.483333333333333,3.799999999999999,0.4,0.0,0.0,1019.2,1021.3,1020.4583333333334,75,97,87.625,No,No,No
661,20141024,11.0,12.5,11.862499999999999,1.5,0.0,9.200000000000001,7.6,1014.8,1019.1,1016.75,81,98,93.625,Yes,No,No
662,20141025,9.4,14.5,12.079166666666666,5.1,2.5999999999999996,0.3,0.8,1014.5,1021.7,1018.1833333333334,72,98,87.29166666666667,No,No,No
663,20141026,9.8,15.2,12.641666666666666,5.399999999999999,0.3,0.0,0.0,1021.7,1023.3,1022.6041666666666,71,94,84.95833333333333,No,No,No
664,20141027,9.5,16.5,12.762500000000001,7.0,7.3,0.0,0.0,1019.9,1023.7,1021.9708333333333,67,95,83.45833333333333,No,No,No
665,20141028,7.9,10.3,9.129166666666668,2.4000000000000004,1.2,0.0,0.0,1013.7,1019.6,1016.4708333333333,92,100,96.16666666666667,No,No,No
666,20141029,9.4,13.6,11.4125,4.199999999999999,0.0,0.3,0.1,1013.5,1020.8,1016.975,88,98,95.45833333333333,Yes,No,No
667,20141030,11.2,15.6,12.816666666666668,4.4,0.8999999999999999,0.2,0.1,1020.7,1021.9,1021.2333333333332,92,98,96.91666666666667,No,No,No
668,20141031,10.3,16.0,13.145833333333334,5.699999999999999,3.0,0.0,0.0,1018.6,1021.4,1020.3083333333334,85,98,92.91666666666667,No,No,No
669,20141101,10.8,18.1,14.370833333333332,7.300000000000001,8.1,0.0,0.0,1014.7,1018.3,1016.8583333333335,74,98,88.54166666666667,No,No,No
670,20141102,11.9,16.6,14.195833333333335,4.700000000000001,6.2,1.9,1.4000000000000001,1002.1,1014.4,1008.5791666666668,71,98,85.125,No,No,No
671,20141103,9.8,13.8,12.079166666666666,4.0,0.2,7.5,8.5,990.3,1001.2,995.1875,80,97,89.29166666666667,Yes,No,No
672,20141104,5.2,10.9,8.654166666666667,5.7,0.8,1.0,1.2000000000000002,990.7,997.1,994.2958333333332,84,98,94.58333333333333,No,No,No
673,20141105,3.9,9.2,6.5249999999999995,5.299999999999999,0.8,0.0,0.0,997.2,1007.9,1002.4125,92,100,98.125,No,No,No
674,20141106,3.2,7.4,5.416666666666667,4.2,0.0,0.0,0.0,1007.2,1010.4,1009.1208333333334,90,100,97.33333333333333,No,No,No
675,20141107,4.8,9.4,7.7749999999999995,4.6000000000000005,0.0,1.5999999999999999,1.4000000000000001,998.3,1006.4,1001.1500000000001,75,95,89.16666666666667,No,No,No
676,20141108,8.0,12.3,9.841666666666667,4.300000000000001,8.0,0.0,0.0,1003.1,1008.2,1006.4500000000002,77,93,86.41666666666667,No,No,No
677,20141109,7.8,12.5,9.870833333333334,4.7,5.1,0.0,0.0,1005.0,1007.6,1006.1208333333334,77,94,86.75,No,No,No
678,20141110,6.5,12.4,9.495833333333332,5.9,7.6,0.1,0.1,1006.7,1008.4,1007.5458333333335,71,98,88.33333333333333,No,No,No
679,20141111,5.7,12.4,9.15,6.7,5.8,0.0,0.0,1000.4,1007.9,1004.275,80,98,90.83333333333333,No,No,No
680,20141112,4.9,12.0,9.399999999999999,7.1,0.5,1.0,0.5,999.8,1008.9,1003.2666666666668,86,98,92.33333333333333,Yes,No,No
681,20141113,4.9,12.5,8.420833333333334,7.6,6.5,0.0,0.0,1009.3,1012.2,1010.8083333333334,80,98,92.91666666666667,No,No,No
682,20141114,7.0,11.9,9.8375,4.9,0.4,3.0,2.9000000000000004,1003.7,1009.9,1005.6958333333333,79,98,91.83333333333333,Yes,No,No
683,20141115,7.2,10.6,9.466666666666667,3.3999999999999995,0.0,7.0,9.5,999.2,1003.4,1001.2791666666667,92,98,97.29166666666667,Yes,No,No
684,20141116,7.0,9.9,8.549999999999999,2.9000000000000004,0.0,16.8,10.0,998.5,1002.2,1000.1875,97,98,97.91666666666667,Yes,No,No
685,20141117,8.0,11.2,9.566666666666668,3.1999999999999993,3.0,0.1,0.1,1000.1,1008.8,1004.6708333333332,81,98,90.95833333333333,Yes,No,No
686,20141118,7.6,8.9,8.108333333333333,1.3000000000000007,0.0,0.0,0.0,1008.8,1015.1,1011.8083333333334,88,97,92.625,No,No,No
687,20141119,7.4,8.7,8.116666666666667,1.299999999999999,0.0,0.0,0.0,1015.6,1026.5,1021.5083333333333,85,98,93.5,No,No,No
688,20141120,6.2,7.8,7.079166666666667,1.5999999999999996,0.0,0.0,0.0,1026.3,1027.7,1026.95,87,95,89.70833333333333,No,No,No
689,20141121,3.0,7.9,5.695833333333333,4.9,7.2,0.0,0.0,1018.6,1025.9,1022.0749999999999,74,92,83.45833333333333,No,No,No
690,20141122,4.7,12.0,8.320833333333333,7.3,4.1000000000000005,0.2,0.1,1015.9,1018.5,1016.7374999999998,79,93,87.875,No,No,No
691,20141123,8.5,13.0,10.5875,4.5,4.6000000000000005,4.699999999999999,4.1,1013.0,1017.3,1015.5,84,97,91.875,Yes,No,No
692,20141124,2.6,10.6,7.287499999999999,8.0,4.6000000000000005,1.7,1.7000000000000002,1018.1,1027.5,1024.5708333333334,71,97,84.16666666666667,Yes,No,No
693,20141125,1.1,8.4,5.05,7.300000000000001,3.5,0.0,0.0,1019.6,1027.0,1024.2041666666667,81,98,90.29166666666667,No,No,No
694,20141126,3.1,6.2,5.1125,3.1,0.5,0.6,0.2,1009.8,1019.0,1014.1875,79,98,86.79166666666667,No,No,No
695,20141127,6.1,8.9,7.420833333333334,2.8000000000000007,0.0,3.1000000000000005,1.0,1006.0,1009.4,1007.25,84,98,92.83333333333333,Yes,No,No
696,20141128,3.3,8.5,6.462500000000001,5.2,1.5,0.0,0.0,1006.5,1012.6,1009.0583333333334,79,97,86.54166666666667,No,No,No
697,20141129,2.0,5.3,3.0,3.3,5.0,0.0,0.0,1012.7,1016.3,1014.775,79,95,86.95833333333333,No,No,No
698,20141130,1.8,3.1,2.4166666666666665,1.3,0.0,1.8,3.0999999999999996,1011.7,1014.7,1013.3291666666668,90,100,95.5,Yes,No,No
699,20141201,1.0,1.9,1.5125,0.8999999999999999,0.0,0.0,0.0,1013.1,1014.6,1013.5958333333333,86,89,87.625,No,No,No
700,20141202,0.3,2.2,1.1666666666666667,1.9000000000000001,0.0,0.0,0.0,1013.5,1020.9,1016.5208333333334,85,96,90.5,No,No,No
701,20141203,-2.6,2.4,-0.14583333333333334,5.0,0.0,0.0,0.0,1021.0,1023.4,1022.4083333333334,79,93,84.70833333333333,No,No,No
702,20141204,-2.2,1.3,-0.14166666666666666,3.5,0.0,0.0,0.0,1016.1,1021.0,1017.7208333333333,84,92,87.375,No,No,No
703,20141205,1.4,5.3,3.6666666666666665,3.9,0.7,0.4,0.1,1016.3,1018.9,1017.1083333333335,83,98,91.5,Yes,No,No
704,20141206,0.9,8.7,4.358333333333333,7.799999999999999,5.199999999999999,2.1,1.8,1019.3,1025.5,1023.5458333333332,76,97,92.375,Yes,No,No
705,20141207,0.8,7.2,4.541666666666667,6.4,0.0,3.0999999999999996,4.8,1012.6,1022.8,1016.6833333333334,67,97,86.5,Yes,No,No
706,20141208,2.3,7.5,4.733333333333333,5.2,1.8,2.2,3.5,1014.9,1017.8,1015.9375,71,95,83.25,Yes,No,No
707,20141209,-1.9,6.6,3.2583333333333333,8.5,3.6000000000000005,0.0,0.0,1016.4,1027.0,1023.5916666666667,76,98,88.83333333333333,No,No,No
708,20141210,5.3,8.8,7.354166666666667,3.500000000000001,5.0,5.6000000000000005,5.400000000000001,1009.7,1014.8,1012.1833333333334,61,95,74.20833333333333,Yes,No,No
709,20141211,5.4,8.4,7.316666666666667,3.0,1.3,5.1000000000000005,3.4,1002.3,1008.9,1005.0500000000002,62,93,73.04166666666667,Yes,No,No
710,20141212,5.3,8.8,7.3,3.500000000000001,0.0,13.100000000000001,17.1,991.2,1002.8,996.1041666666666,68,94,84.875,Yes,No,No
711,20141213,0.4,7.4,4.708333333333333,7.0,0.0,0.0,0.0,1003.2,1013.5,1009.3166666666666,72,98,87.54166666666667,No,No,No
712,20141214,-0.4,5.4,2.7083333333333335,5.800000000000001,6.3999999999999995,1.1,0.4,1009.6,1015.0,1013.0749999999999,79,98,88.0,No,No,No
713,20141215,4.0,8.1,5.841666666666666,4.1,2.0,5.1,3.3000000000000007,1007.4,1012.4,1010.4125,80,97,90.25,Yes,No,No
714,20141216,2.5,7.9,5.329166666666667,5.4,2.7,1.1,2.0,1010.0,1013.1,1011.3208333333333,78,96,86.0,Yes,No,No
715,20141217,4.7,10.8,8.358333333333334,6.1000000000000005,0.2,6.4,3.6,1000.1,1009.9,1004.5166666666668,90,98,93.45833333333333,Yes,No,No
716,20141218,10.0,12.9,11.645833333333334,2.9000000000000004,0.0,3.4,1.4000000000000004,1006.9,1008.8,1007.6833333333334,86,98,91.125,Yes,No,No
717,20141219,7.5,12.2,9.329166666666667,4.699999999999999,2.4000000000000004,7.6,11.5,1005.7,1017.9,1011.3874999999999,67,96,79.29166666666667,Yes,No,No
718,20141220,6.5,8.9,7.787499999999999,2.4000000000000004,1.2,0.30000000000000004,0.7,1017.3,1027.0,1020.225,69,82,74.41666666666667,Yes,No,No
719,20141221,4.4,11.1,8.320833333333333,6.699999999999999,0.0,0.0,0.0,1017.7,1027.9,1023.6374999999999,79,94,84.33333333333333,No,No,No
720,20141222,10.9,12.5,11.641666666666667,1.5999999999999996,0.0,1.0,0.6,1014.1,1017.1,1014.9625,83,88,85.375,Yes,No,No
721,20141223,10.2,12.2,11.116666666666667,2.0,5.8999999999999995,0.0,0.0,1013.2,1015.6,1014.9083333333333,73,83,78.5,No,No,No
722,20141224,6.3,10.2,8.345833333333333,3.8999999999999995,0.7,6.6,4.6,1010.5,1018.3,1014.0166666666668,68,96,80.54166666666667,Yes,No,No
723,20141225,2.0,8.0,5.4375,6.0,2.4000000000000004,0.7,1.7000000000000002,1018.4,1028.7,1023.525,70,91,81.08333333333333,Yes,No,No
724,20141226,-0.8,4.9,2.704166666666667,5.7,3.0,0.0,0.0,1011.5,1029.6,1024.9666666666665,86,97,91.75,No,No,No
725,20141227,-0.6,2.9,1.4791666666666667,3.5,0.0,14.600000000000001,11.0,997.5,1013.5,1003.6291666666667,67,96,85.54166666666667,Yes,Yes,No
726,20141228,-2.1,4.7,0.6791666666666667,6.800000000000001,6.6,0.3,0.3,1014.8,1033.1,1027.5625,62,90,75.83333333333333,No,No,No
727,20141229,2.4,7.2,4.720833333333334,4.800000000000001,4.3,1.4000000000000001,1.6000000000000003,1030.9,1037.7,1034.5083333333334,71,94,85.125,Yes,No,No
728,20141230,2.7,6.7,5.479166666666667,4.0,0.0,0.0,0.0,1033.4,1036.8,1035.0416666666667,71,91,81.41666666666667,Yes,No,No
729,20141231,2.8,7.8,5.675,5.0,5.1,0.0,0.0,1032.9,1034.5,1033.8166666666666,74,95,86.75,No,No,No
